measuredElement,measuredItemCPC,geographicAreaM49,timePointYears,Value,flagObservationStatus,flagMethod
Production (t) (5510),Maize (corn) (0112),France (250),1990,9400500,"",-
Production (t) (5510),Maize (corn) (0112),France (250),1991,12796831.1,"",p
Production (t) (5510),Maize (corn) (0112),France (250),1992,14822656.5,"",p
Production (t) (5510),Maize (corn) (0112),France (250),1993,14726034.7,"",p
Production (t) (5510),Maize (corn) (0112),France (250),1994,12816279.4,"",p
Production (t) (5510),Maize (corn) (0112),France (250),1995,12583865.9,"",p
Production (t) (5510),Maize (corn) (0112),France (250),1996,14318927.9,"",p
Production (t) (5510),Maize (corn) (0112),France (250),1997,16534987.8,"",p
Production (t) (5510),Maize (corn) (0112),France (250),1998,14885495.1,"",p
Production (t) (5510),Maize (corn) (0112),France (250),1999,15354734.8,"",p
Production (t) (5510),Maize (corn) (0112),France (250),2000,16018168.3,"",p
Production (t) (5510),Maize (corn) (0112),France (250),2001,16420734.7,"",p
Production (t) (5510),Maize (corn) (0112),France (250),2002,16418382.6,"",p
Production (t) (5510),Maize (corn) (0112),France (250),2003,12045463.6,"",p
Production (t) (5510),Maize (corn) (0112),France (250),2004,16375868,"",p
Production (t) (5510),Maize (corn) (0112),France (250),2005,13689322.4,"",p
Production (t) (5510),Maize (corn) (0112),France (250),2006,12903718.5,"",p
Production (t) (5510),Maize (corn) (0112),France (250),2007,14505519.1,"",p
Production (t) (5510),Maize (corn) (0112),France (250),2008,16037987.9,"",p
Production (t) (5510),Maize (corn) (0112),France (250),2009,15513841.1,"",p
Production (t) (5510),Maize (corn) (0112),France (250),2010,13975284.8,"",p
Production (t) (5510),Maize (corn) (0112),France (250),2011,15914121.2,"",p
Production (t) (5510),Maize (corn) (0112),France (250),2012,15393496.8,"",p
Production (t) (5510),Maize (corn) (0112),France (250),2013,15041226,"",q
Production (t) (5510),Maize (corn) (0112),France (250),2014,18343320,"",q
Production (t) (5510),Maize (corn) (0112),France (250),2015,13716048.4,"",q
Production (t) (5510),Maize (corn) (0112),France (250),2016,11839729,"",q
Production (t) (5510),Maize (corn) (0112),France (250),2017,14534897,"",q
Production (t) (5510),Maize (corn) (0112),France (250),2018,12580430,"",h
Production (t) (5510),Maize (corn) (0112),France (250),2019,12845020,"",h
Production (t) (5510),Maize (corn) (0112),France (250),2020,13726410,"",h
Production (t) (5510),Maize (corn) (0112),France (250),2021,15358290,"",h
Production (t) (5510),Maize (corn) (0112),France (250),2022,10877190,"",h
Production (t) (5510),Maize (corn) (0112),France (250),2023,12834600,"",h
Production (t) (5510),Maize (corn) (0112),Italy (380),1990,5863900,"",-
Production (t) (5510),Maize (corn) (0112),Italy (380),1991,6237700,"",-
Production (t) (5510),Maize (corn) (0112),Italy (380),1992,7394134,"",-
Production (t) (5510),Maize (corn) (0112),Italy (380),1993,8028900,"",-
Production (t) (5510),Maize (corn) (0112),Italy (380),1994,7483400,"",-
Production (t) (5510),Maize (corn) (0112),Italy (380),1995,8440300,"",-
Production (t) (5510),Maize (corn) (0112),Italy (380),1996,9547500,"",-
Production (t) (5510),Maize (corn) (0112),Italy (380),1997,10004698,"",-
Production (t) (5510),Maize (corn) (0112),Italy (380),1998,9030860,"",-
Production (t) (5510),Maize (corn) (0112),Italy (380),1999,10017200,"",-
Production (t) (5510),Maize (corn) (0112),Italy (380),2000,10137500,"",-
Production (t) (5510),Maize (corn) (0112),Italy (380),2001,10553706,"",-
Production (t) (5510),Maize (corn) (0112),Italy (380),2002,10554422,"",-
Production (t) (5510),Maize (corn) (0112),Italy (380),2003,8702288,"",-
Production (t) (5510),Maize (corn) (0112),Italy (380),2004,11368007,"",-
Production (t) (5510),Maize (corn) (0112),Italy (380),2005,10427930,"",-
Production (t) (5510),Maize (corn) (0112),Italy (380),2006,9671206,"",-
Production (t) (5510),Maize (corn) (0112),Italy (380),2007,9809266,"",-
Production (t) (5510),Maize (corn) (0112),Italy (380),2008,9491203,"",-
Production (t) (5510),Maize (corn) (0112),Italy (380),2009,7877700,"",-
Production (t) (5510),Maize (corn) (0112),Italy (380),2010,8495940,"",-
Production (t) (5510),Maize (corn) (0112),Italy (380),2011,9752592,"",-
Production (t) (5510),Maize (corn) (0112),Italy (380),2012,7860123.3,"",q
Production (t) (5510),Maize (corn) (0112),Italy (380),2013,7899616.5,"",q
Production (t) (5510),Maize (corn) (0112),Italy (380),2014,9239544.9,"",q
Production (t) (5510),Maize (corn) (0112),Italy (380),2015,7073896,"",q
Production (t) (5510),Maize (corn) (0112),Italy (380),2016,6839499.2,"",q
Production (t) (5510),Maize (corn) (0112),Italy (380),2017,6048499,"",q
Production (t) (5510),Maize (corn) (0112),Italy (380),2018,6199150,"",h
Production (t) (5510),Maize (corn) (0112),Italy (380),2019,6279120,"",h
Production (t) (5510),Maize (corn) (0112),Italy (380),2020,6793130,"",h
Production (t) (5510),Maize (corn) (0112),Italy (380),2021,6079960,"",h
Production (t) (5510),Maize (corn) (0112),Italy (380),2022,4697170,"",h
Production (t) (5510),Maize (corn) (0112),Italy (380),2023,5348700,"",h
Production (t) (5510),Lettuce and chicory (01214),France (250),1990,485860,"",-
Production (t) (5510),Lettuce and chicory (01214),France (250),1991,482726.6,"",p
Production (t) (5510),Lettuce and chicory (01214),France (250),1992,493045.8,"",p
Production (t) (5510),Lettuce and chicory (01214),France (250),1993,507517.5,"",p
Production (t) (5510),Lettuce and chicory (01214),France (250),1994,523747,"",p
Production (t) (5510),Lettuce and chicory (01214),France (250),1995,503787.8,"",p
Production (t) (5510),Lettuce and chicory (01214),France (250),1996,493445.4,"",p
Production (t) (5510),Lettuce and chicory (01214),France (250),1997,477735.7,"",p
Production (t) (5510),Lettuce and chicory (01214),France (250),1998,484982.3,"",p
Production (t) (5510),Lettuce and chicory (01214),France (250),1999,489592.1,"",p
Production (t) (5510),Lettuce and chicory (01214),France (250),2000,508875.9,"",p
Production (t) (5510),Lettuce and chicory (01214),France (250),2001,493953.5,"",p
Production (t) (5510),Lettuce and chicory (01214),France (250),2002,487974.8,"",p
Production (t) (5510),Lettuce and chicory (01214),France (250),2003,459681.5,"",p
Production (t) (5510),Lettuce and chicory (01214),France (250),2004,455757.8,"",p
Production (t) (5510),Lettuce and chicory (01214),France (250),2005,469991.4,"",p
Production (t) (5510),Lettuce and chicory (01214),France (250),2006,465353,"",-
Production (t) (5510),Lettuce and chicory (01214),France (250),2007,462224.2,"",p
Production (t) (5510),Lettuce and chicory (01214),France (250),2008,426723,"",-
Production (t) (5510),Lettuce and chicory (01214),France (250),2009,421264.1,"",p
Production (t) (5510),Lettuce and chicory (01214),France (250),2010,327801.9,"",p
Production (t) (5510),Lettuce and chicory (01214),France (250),2011,315237.1,"",p
Production (t) (5510),Lettuce and chicory (01214),France (250),2012,326756.1,"",p
Production (t) (5510),Lettuce and chicory (01214),France (250),2013,307248,"",q
Production (t) (5510),Lettuce and chicory (01214),France (250),2014,238029,"",q
Production (t) (5510),Lettuce and chicory (01214),France (250),2015,231364,"",q
Production (t) (5510),Lettuce and chicory (01214),France (250),2016,228556.1,"",q
Production (t) (5510),Lettuce and chicory (01214),France (250),2017,220536.8,"",q
Production (t) (5510),Lettuce and chicory (01214),France (250),2018,733600,"",h
Production (t) (5510),Lettuce and chicory (01214),France (250),2019,469340,"",h
Production (t) (5510),Lettuce and chicory (01214),France (250),2020,492300,"",h
Production (t) (5510),Lettuce and chicory (01214),France (250),2021,493310,"",h
Production (t) (5510),Lettuce and chicory (01214),France (250),2022,438740,"",h
Production (t) (5510),Lettuce and chicory (01214),France (250),2023,401200,"",h
Production (t) (5510),Lettuce and chicory (01214),Italy (380),1990,910621,"",-
Production (t) (5510),Lettuce and chicory (01214),Italy (380),1991,917762,"",-
Production (t) (5510),Lettuce and chicory (01214),Italy (380),1992,902985,"",-
Production (t) (5510),Lettuce and chicory (01214),Italy (380),1993,941533,"",-
Production (t) (5510),Lettuce and chicory (01214),Italy (380),1994,950949,"",-
Production (t) (5510),Lettuce and chicory (01214),Italy (380),1995,906235,"",-
Production (t) (5510),Lettuce and chicory (01214),Italy (380),1996,830100,"",-
Production (t) (5510),Lettuce and chicory (01214),Italy (380),1997,918768,"",-
Production (t) (5510),Lettuce and chicory (01214),Italy (380),1998,975353,"",-
Production (t) (5510),Lettuce and chicory (01214),Italy (380),1999,937650,"",-
Production (t) (5510),Lettuce and chicory (01214),Italy (380),2000,968833,"",-
Production (t) (5510),Lettuce and chicory (01214),Italy (380),2001,925189,"",-
Production (t) (5510),Lettuce and chicory (01214),Italy (380),2002,916208,"",-
Production (t) (5510),Lettuce and chicory (01214),Italy (380),2003,921770,"",-
Production (t) (5510),Lettuce and chicory (01214),Italy (380),2004,995920,"",-
Production (t) (5510),Lettuce and chicory (01214),Italy (380),2005,1010470,"",-
Production (t) (5510),Lettuce and chicory (01214),Italy (380),2006,977900,"",-
Production (t) (5510),Lettuce and chicory (01214),Italy (380),2007,949400,"",-
Production (t) (5510),Lettuce and chicory (01214),Italy (380),2008,916200,"",-
Production (t) (5510),Lettuce and chicory (01214),Italy (380),2009,844976,"",-
Production (t) (5510),Lettuce and chicory (01214),Italy (380),2010,843344,"",-
Production (t) (5510),Lettuce and chicory (01214),Italy (380),2011,819194,"",-
Production (t) (5510),Lettuce and chicory (01214),Italy (380),2012,688715.3,"",q
Production (t) (5510),Lettuce and chicory (01214),Italy (380),2013,730199.4,"",q
Production (t) (5510),Lettuce and chicory (01214),Italy (380),2014,709372.8,"",q
Production (t) (5510),Lettuce and chicory (01214),Italy (380),2015,626525.3,"",q
Production (t) (5510),Lettuce and chicory (01214),Italy (380),2016,735966.5,"",q
Production (t) (5510),Lettuce and chicory (01214),Italy (380),2017,735873,"",q
Production (t) (5510),Lettuce and chicory (01214),Italy (380),2018,768060,"",h
Production (t) (5510),Lettuce and chicory (01214),Italy (380),2019,758980,"",h
Production (t) (5510),Lettuce and chicory (01214),Italy (380),2020,735470,"",h
Production (t) (5510),Lettuce and chicory (01214),Italy (380),2021,703910,"",h
Production (t) (5510),Lettuce and chicory (01214),Italy (380),2022,638180,"",h
Production (t) (5510),Lettuce and chicory (01214),Italy (380),2023,660270,"",h
Production (t) (5510),Watermelons (01221),France (250),1990,14202,"",-
Production (t) (5510),Watermelons (01221),France (250),1991,22589.5,"",p
Production (t) (5510),Watermelons (01221),France (250),1992,16728.5,"",p
Production (t) (5510),Watermelons (01221),France (250),1993,10786,"",p
Production (t) (5510),Watermelons (01221),France (250),1994,9525.9,"",p
Production (t) (5510),Watermelons (01221),France (250),1995,8926.4,"",p
Production (t) (5510),Watermelons (01221),France (250),1996,10149.5,"",p
Production (t) (5510),Watermelons (01221),France (250),1997,8307.5,"",p
Production (t) (5510),Watermelons (01221),France (250),1998,8501.2,"",p
Production (t) (5510),Watermelons (01221),France (250),1999,8467.3,"",p
Production (t) (5510),Watermelons (01221),France (250),2000,7010,"",-
Production (t) (5510),Watermelons (01221),France (250),2001,6450.1,"",p
Production (t) (5510),Watermelons (01221),France (250),2002,7072,"",-
Production (t) (5510),Watermelons (01221),France (250),2003,6597.8,"",p
Production (t) (5510),Watermelons (01221),France (250),2004,6488,"",-
Production (t) (5510),Watermelons (01221),France (250),2005,7324,"",-
Production (t) (5510),Watermelons (01221),France (250),2006,7444,"",-
Production (t) (5510),Watermelons (01221),France (250),2007,15634.5,"",p
Production (t) (5510),Watermelons (01221),France (250),2008,17280.1,"",p
Production (t) (5510),Watermelons (01221),France (250),2009,16458.3,"",p
Production (t) (5510),Watermelons (01221),France (250),2010,15761,"",-
Production (t) (5510),Watermelons (01221),France (250),2011,16919.1,"",-
Production (t) (5510),Watermelons (01221),France (250),2012,16147,"",-
Production (t) (5510),Watermelons (01221),France (250),2013,14150,"",q
Production (t) (5510),Watermelons (01221),France (250),2014,16115,"",q
Production (t) (5510),Watermelons (01221),France (250),2015,16406,"",q
Production (t) (5510),Watermelons (01221),France (250),2016,17085.8,"",q
Production (t) (5510),Watermelons (01221),France (250),2017,17447.4,"",q
Production (t) (5510),Watermelons (01221),France (250),2018,17660,"",h
Production (t) (5510),Watermelons (01221),France (250),2019,13110,"",h
Production (t) (5510),Watermelons (01221),France (250),2020,24820,"",h
Production (t) (5510),Watermelons (01221),France (250),2021,24170,"",h
Production (t) (5510),Watermelons (01221),France (250),2022,23770,"",h
Production (t) (5510),Watermelons (01221),France (250),2023,23510,"",h
Production (t) (5510),Watermelons (01221),Italy (380),1990,660544,"",-
Production (t) (5510),Watermelons (01221),Italy (380),1991,678475,"",-
Production (t) (5510),Watermelons (01221),Italy (380),1992,678453,"",-
Production (t) (5510),Watermelons (01221),Italy (380),1993,748316,"",-
Production (t) (5510),Watermelons (01221),Italy (380),1994,593927,"",-
Production (t) (5510),Watermelons (01221),Italy (380),1995,597272,"",-
Production (t) (5510),Watermelons (01221),Italy (380),1996,592300,T,-
Production (t) (5510),Watermelons (01221),Italy (380),1997,590000,T,-
Production (t) (5510),Watermelons (01221),Italy (380),1998,595000,T,-
Production (t) (5510),Watermelons (01221),Italy (380),1999,470905,"",-
Production (t) (5510),Watermelons (01221),Italy (380),2000,508407,"",-
Production (t) (5510),Watermelons (01221),Italy (380),2001,543499,"",-
Production (t) (5510),Watermelons (01221),Italy (380),2002,545148,"",-
Production (t) (5510),Watermelons (01221),Italy (380),2003,529001,"",-
Production (t) (5510),Watermelons (01221),Italy (380),2004,562909,"",-
Production (t) (5510),Watermelons (01221),Italy (380),2005,519463,"",-
Production (t) (5510),Watermelons (01221),Italy (380),2006,490247,"",-
Production (t) (5510),Watermelons (01221),Italy (380),2007,437512,"",-
Production (t) (5510),Watermelons (01221),Italy (380),2008,434602,"",-
Production (t) (5510),Watermelons (01221),Italy (380),2009,463306,"",-
Production (t) (5510),Watermelons (01221),Italy (380),2010,477858,"",-
Production (t) (5510),Watermelons (01221),Italy (380),2011,378220,"",-
Production (t) (5510),Watermelons (01221),Italy (380),2012,421364.7,"",q
Production (t) (5510),Watermelons (01221),Italy (380),2013,471193,"",q
Production (t) (5510),Watermelons (01221),Italy (380),2014,453233.3,"",q
Production (t) (5510),Watermelons (01221),Italy (380),2015,494533,"",q
Production (t) (5510),Watermelons (01221),Italy (380),2016,534000.5,"",q
Production (t) (5510),Watermelons (01221),Italy (380),2017,570762,"",q
Production (t) (5510),Watermelons (01221),Italy (380),2018,581560,"",h
Production (t) (5510),Watermelons (01221),Italy (380),2019,650420,"",h
Production (t) (5510),Watermelons (01221),Italy (380),2020,651860,"",h
Production (t) (5510),Watermelons (01221),Italy (380),2021,648190,"",h
Production (t) (5510),Watermelons (01221),Italy (380),2022,656700,"",h
Production (t) (5510),Watermelons (01221),Italy (380),2023,751570,"",h
Production (t) (5510),Cantaloupes and other melons (01229),France (250),1990,307510,"",-
Production (t) (5510),Cantaloupes and other melons (01229),France (250),1991,318090.4,"",p
Production (t) (5510),Cantaloupes and other melons (01229),France (250),1992,277200.9,"",p
Production (t) (5510),Cantaloupes and other melons (01229),France (250),1993,283367.8,"",p
Production (t) (5510),Cantaloupes and other melons (01229),France (250),1994,303133.5,"",p
Production (t) (5510),Cantaloupes and other melons (01229),France (250),1995,293932.8,"",p
Production (t) (5510),Cantaloupes and other melons (01229),France (250),1996,294089.2,"",p
Production (t) (5510),Cantaloupes and other melons (01229),France (250),1997,263561.6,"",p
Production (t) (5510),Cantaloupes and other melons (01229),France (250),1998,296633.1,"",p
Production (t) (5510),Cantaloupes and other melons (01229),France (250),1999,298978.2,"",p
Production (t) (5510),Cantaloupes and other melons (01229),France (250),2000,292759.9,"",p
Production (t) (5510),Cantaloupes and other melons (01229),France (250),2001,297511.3,"",p
Production (t) (5510),Cantaloupes and other melons (01229),France (250),2002,283388,"",-
Production (t) (5510),Cantaloupes and other melons (01229),France (250),2003,298328.9,"",p
Production (t) (5510),Cantaloupes and other melons (01229),France (250),2004,291418,"",-
Production (t) (5510),Cantaloupes and other melons (01229),France (250),2005,296974,"",-
Production (t) (5510),Cantaloupes and other melons (01229),France (250),2006,293815,"",-
Production (t) (5510),Cantaloupes and other melons (01229),France (250),2007,246973.7,"",p
Production (t) (5510),Cantaloupes and other melons (01229),France (250),2008,278938,"",-
Production (t) (5510),Cantaloupes and other melons (01229),France (250),2009,301195.6,"",p
Production (t) (5510),Cantaloupes and other melons (01229),France (250),2010,290531.6,"",p
Production (t) (5510),Cantaloupes and other melons (01229),France (250),2011,277192,"",p
Production (t) (5510),Cantaloupes and other melons (01229),France (250),2012,294187,"",p
Production (t) (5510),Cantaloupes and other melons (01229),France (250),2013,264542,"",q
Production (t) (5510),Cantaloupes and other melons (01229),France (250),2014,253175,"",q
Production (t) (5510),Cantaloupes and other melons (01229),France (250),2015,277505,"",q
Production (t) (5510),Cantaloupes and other melons (01229),France (250),2016,258445.1,"",q
Production (t) (5510),Cantaloupes and other melons (01229),France (250),2017,286564,"",q
Production (t) (5510),Cantaloupes and other melons (01229),France (250),2018,255100,"",h
Production (t) (5510),Cantaloupes and other melons (01229),France (250),2019,247610,"",h
Production (t) (5510),Cantaloupes and other melons (01229),France (250),2020,290530,"",h
Production (t) (5510),Cantaloupes and other melons (01229),France (250),2021,270700,"",h
Production (t) (5510),Cantaloupes and other melons (01229),France (250),2022,307500,"",h
Production (t) (5510),Cantaloupes and other melons (01229),France (250),2023,322500,"",h
Production (t) (5510),Cantaloupes and other melons (01229),Italy (380),1990,336138,"",-
Production (t) (5510),Cantaloupes and other melons (01229),Italy (380),1991,370637,"",-
Production (t) (5510),Cantaloupes and other melons (01229),Italy (380),1992,401935,"",-
Production (t) (5510),Cantaloupes and other melons (01229),Italy (380),1993,402592,"",-
Production (t) (5510),Cantaloupes and other melons (01229),Italy (380),1994,426140,"",-
Production (t) (5510),Cantaloupes and other melons (01229),Italy (380),1995,467198,"",-
Production (t) (5510),Cantaloupes and other melons (01229),Italy (380),1996,486500,"",-
Production (t) (5510),Cantaloupes and other melons (01229),Italy (380),1997,519461,"",-
Production (t) (5510),Cantaloupes and other melons (01229),Italy (380),1998,476207,"",-
Production (t) (5510),Cantaloupes and other melons (01229),Italy (380),1999,506200,"",-
Production (t) (5510),Cantaloupes and other melons (01229),Italy (380),2000,570700,"",-
Production (t) (5510),Cantaloupes and other melons (01229),Italy (380),2001,536347,"",-
Production (t) (5510),Cantaloupes and other melons (01229),Italy (380),2002,506159,"",-
Production (t) (5510),Cantaloupes and other melons (01229),Italy (380),2003,569698,"",-
Production (t) (5510),Cantaloupes and other melons (01229),Italy (380),2004,580268,"",-
Production (t) (5510),Cantaloupes and other melons (01229),Italy (380),2005,611501,"",-
Production (t) (5510),Cantaloupes and other melons (01229),Italy (380),2006,624959,"",-
Production (t) (5510),Cantaloupes and other melons (01229),Italy (380),2007,616664,"",-
Production (t) (5510),Cantaloupes and other melons (01229),Italy (380),2008,653309,"",-
Production (t) (5510),Cantaloupes and other melons (01229),Italy (380),2009,621267,"",-
Production (t) (5510),Cantaloupes and other melons (01229),Italy (380),2010,666383,"",-
Production (t) (5510),Cantaloupes and other melons (01229),Italy (380),2011,536229,"",-
Production (t) (5510),Cantaloupes and other melons (01229),Italy (380),2012,553478.1,"",q
Production (t) (5510),Cantaloupes and other melons (01229),Italy (380),2013,585262.3,"",q
Production (t) (5510),Cantaloupes and other melons (01229),Italy (380),2014,560344.1,"",q
Production (t) (5510),Cantaloupes and other melons (01229),Italy (380),2015,595601,"",q
Production (t) (5510),Cantaloupes and other melons (01229),Italy (380),2016,632322,"",q
Production (t) (5510),Cantaloupes and other melons (01229),Italy (380),2017,605744,"",q
Production (t) (5510),Cantaloupes and other melons (01229),Italy (380),2018,607970,"",h
Production (t) (5510),Cantaloupes and other melons (01229),Italy (380),2019,591630,"",h
Production (t) (5510),Cantaloupes and other melons (01229),Italy (380),2020,593410,"",h
Production (t) (5510),Cantaloupes and other melons (01229),Italy (380),2021,607380,"",h
Production (t) (5510),Cantaloupes and other melons (01229),Italy (380),2022,590230,"",h
Production (t) (5510),Cantaloupes and other melons (01229),Italy (380),2023,762580,"",h
Production (t) (5510),Leeks and other alliaceous vegetables (01254),France (250),1990,195700,"",-
Production (t) (5510),Leeks and other alliaceous vegetables (01254),France (250),1991,203100,"",-
Production (t) (5510),Leeks and other alliaceous vegetables (01254),France (250),1992,212300,"",-
Production (t) (5510),Leeks and other alliaceous vegetables (01254),France (250),1993,211000,"",-
Production (t) (5510),Leeks and other alliaceous vegetables (01254),France (250),1994,217000,"",-
Production (t) (5510),Leeks and other alliaceous vegetables (01254),France (250),1995,215000,"",-
Production (t) (5510),Leeks and other alliaceous vegetables (01254),France (250),1996,215400,"",-
Production (t) (5510),Leeks and other alliaceous vegetables (01254),France (250),1997,205400,"",-
Production (t) (5510),Leeks and other alliaceous vegetables (01254),France (250),1998,208400,"",-
Production (t) (5510),Leeks and other alliaceous vegetables (01254),France (250),1999,206100,"",-
Production (t) (5510),Leeks and other alliaceous vegetables (01254),France (250),2000,201132,"",-
Production (t) (5510),Leeks and other alliaceous vegetables (01254),France (250),2001,177198,"",-
Production (t) (5510),Leeks and other alliaceous vegetables (01254),France (250),2002,188735,"",-
Production (t) (5510),Leeks and other alliaceous vegetables (01254),France (250),2003,184088,"",-
Production (t) (5510),Leeks and other alliaceous vegetables (01254),France (250),2004,186520,"",-
Production (t) (5510),Leeks and other alliaceous vegetables (01254),France (250),2005,182910,"",-
Production (t) (5510),Leeks and other alliaceous vegetables (01254),France (250),2006,178421,"",-
Production (t) (5510),Leeks and other alliaceous vegetables (01254),France (250),2007,176035,"",-
Production (t) (5510),Leeks and other alliaceous vegetables (01254),France (250),2008,166820.3,"",-
Production (t) (5510),Leeks and other alliaceous vegetables (01254),France (250),2009,155675.9,"",-
Production (t) (5510),Leeks and other alliaceous vegetables (01254),France (250),2010,168605,"",-
Production (t) (5510),Leeks and other alliaceous vegetables (01254),France (250),2011,168033,"",-
Production (t) (5510),Leeks and other alliaceous vegetables (01254),France (250),2012,154051,"",-
Production (t) (5510),Leeks and other alliaceous vegetables (01254),France (250),2013,161137,"",p
Production (t) (5510),Leeks and other alliaceous vegetables (01254),France (250),2014,165884,"",q
Production (t) (5510),Leeks and other alliaceous vegetables (01254),France (250),2015,160108,"",q
Production (t) (5510),Leeks and other alliaceous vegetables (01254),France (250),2016,152010.7,"",q
Production (t) (5510),Leeks and other alliaceous vegetables (01254),France (250),2017,156149.2,"",q
Production (t) (5510),Leeks and other alliaceous vegetables (01254),France (250),2018,140900,"",h
Production (t) (5510),Leeks and other alliaceous vegetables (01254),France (250),2019,148800,"",h
Production (t) (5510),Leeks and other alliaceous vegetables (01254),France (250),2020,168400,"",h
Production (t) (5510),Leeks and other alliaceous vegetables (01254),France (250),2021,187530,"",h
Production (t) (5510),Leeks and other alliaceous vegetables (01254),France (250),2022,157520,"",h
Production (t) (5510),Leeks and other alliaceous vegetables (01254),France (250),2023,175880,"",h
Production (t) (5510),Leeks and other alliaceous vegetables (01254),Italy (380),1990,36000,"",-
Production (t) (5510),Leeks and other alliaceous vegetables (01254),Italy (380),1991,35300,"",-
Production (t) (5510),Leeks and other alliaceous vegetables (01254),Italy (380),1992,30869,"",-
Production (t) (5510),Leeks and other alliaceous vegetables (01254),Italy (380),1993,30860,"",-
Production (t) (5510),Leeks and other alliaceous vegetables (01254),Italy (380),1994,31064,"",-
Production (t) (5510),Leeks and other alliaceous vegetables (01254),Italy (380),1995,28452,"",-
Production (t) (5510),Leeks and other alliaceous vegetables (01254),Italy (380),1996,27000,E,f
Production (t) (5510),Leeks and other alliaceous vegetables (01254),Italy (380),1997,26000,E,f
Production (t) (5510),Leeks and other alliaceous vegetables (01254),Italy (380),1998,28000,T,-
Production (t) (5510),Leeks and other alliaceous vegetables (01254),Italy (380),1999,21700,"",-
Production (t) (5510),Leeks and other alliaceous vegetables (01254),Italy (380),2000,37701,"",-
Production (t) (5510),Leeks and other alliaceous vegetables (01254),Italy (380),2001,15713,"",-
Production (t) (5510),Leeks and other alliaceous vegetables (01254),Italy (380),2002,15846,"",-
Production (t) (5510),Leeks and other alliaceous vegetables (01254),Italy (380),2003,15980,"",-
Production (t) (5510),Leeks and other alliaceous vegetables (01254),Italy (380),2004,16524,"",-
Production (t) (5510),Leeks and other alliaceous vegetables (01254),Italy (380),2005,15477,"",-
Production (t) (5510),Leeks and other alliaceous vegetables (01254),Italy (380),2006,15451,"",-
Production (t) (5510),Leeks and other alliaceous vegetables (01254),Italy (380),2007,16400,"",-
Production (t) (5510),Leeks and other alliaceous vegetables (01254),Italy (380),2008,15000,"",-
Production (t) (5510),Leeks and other alliaceous vegetables (01254),Italy (380),2009,12365,"",-
Production (t) (5510),Leeks and other alliaceous vegetables (01254),Italy (380),2010,12084,"",-
Production (t) (5510),Leeks and other alliaceous vegetables (01254),Italy (380),2011,9495,"",-
Production (t) (5510),Leeks and other alliaceous vegetables (01254),Italy (380),2012,6884.1,"",q
Production (t) (5510),Leeks and other alliaceous vegetables (01254),Italy (380),2013,7281.6,"",q
Production (t) (5510),Leeks and other alliaceous vegetables (01254),Italy (380),2014,8674.3,"",q
Production (t) (5510),Leeks and other alliaceous vegetables (01254),Italy (380),2015,9226,"",q
Production (t) (5510),Leeks and other alliaceous vegetables (01254),Italy (380),2016,9357,"",q
Production (t) (5510),Leeks and other alliaceous vegetables (01254),Italy (380),2017,9332,"",q
Production (t) (5510),Leeks and other alliaceous vegetables (01254),Italy (380),2018,10280,"",h
Production (t) (5510),Leeks and other alliaceous vegetables (01254),Italy (380),2019,13650,"",h
Production (t) (5510),Leeks and other alliaceous vegetables (01254),Italy (380),2020,14480,"",h
Production (t) (5510),Leeks and other alliaceous vegetables (01254),Italy (380),2021,15220,"",h
Production (t) (5510),Leeks and other alliaceous vegetables (01254),Italy (380),2022,13950,"",h
Production (t) (5510),Leeks and other alliaceous vegetables (01254),Italy (380),2023,13670,"",h
Production (t) (5510),Kiwi fruit (01352),France (250),1990,54380,"",-
Production (t) (5510),Kiwi fruit (01352),France (250),1991,59671,"",p
Production (t) (5510),Kiwi fruit (01352),France (250),1992,80761.5,"",p
Production (t) (5510),Kiwi fruit (01352),France (250),1993,85406.3,"",p
Production (t) (5510),Kiwi fruit (01352),France (250),1994,78613,"",p
Production (t) (5510),Kiwi fruit (01352),France (250),1995,78401.5,"",p
Production (t) (5510),Kiwi fruit (01352),France (250),1996,76056,"",p
Production (t) (5510),Kiwi fruit (01352),France (250),1997,76303.3,"",p
Production (t) (5510),Kiwi fruit (01352),France (250),1998,73291.2,"",p
Production (t) (5510),Kiwi fruit (01352),France (250),1999,79693.2,"",p
Production (t) (5510),Kiwi fruit (01352),France (250),2000,81117.6,"",p
Production (t) (5510),Kiwi fruit (01352),France (250),2001,76799.8,"",p
Production (t) (5510),Kiwi fruit (01352),France (250),2002,74301.5,"",p
Production (t) (5510),Kiwi fruit (01352),France (250),2003,71331,"",p
Production (t) (5510),Kiwi fruit (01352),France (250),2004,75323.1,"",p
Production (t) (5510),Kiwi fruit (01352),France (250),2005,75036.7,"",p
Production (t) (5510),Kiwi fruit (01352),France (250),2006,74346.7,"",p
Production (t) (5510),Kiwi fruit (01352),France (250),2007,61326.9,"",p
Production (t) (5510),Kiwi fruit (01352),France (250),2008,65670.4,"",-
Production (t) (5510),Kiwi fruit (01352),France (250),2009,75130.4,"",p
Production (t) (5510),Kiwi fruit (01352),France (250),2010,72173.7,"",p
Production (t) (5510),Kiwi fruit (01352),France (250),2011,74838.4,"",p
Production (t) (5510),Kiwi fruit (01352),France (250),2012,67023,"",p
Production (t) (5510),Kiwi fruit (01352),France (250),2013,62312,"",q
Production (t) (5510),Kiwi fruit (01352),France (250),2014,60375,"",q
Production (t) (5510),Kiwi fruit (01352),France (250),2015,67074,"",q
Production (t) (5510),Kiwi fruit (01352),France (250),2016,65482.3,"",q
Production (t) (5510),Kiwi fruit (01352),France (250),2017,54416.1,"",q
Production (t) (5510),Kiwi fruit (01352),France (250),2018,53610,"",h
Production (t) (5510),Kiwi fruit (01352),France (250),2019,55830,"",h
Production (t) (5510),Kiwi fruit (01352),France (250),2020,50830,"",h
Production (t) (5510),Kiwi fruit (01352),France (250),2021,46030,"",h
Production (t) (5510),Kiwi fruit (01352),France (250),2022,47120,"",h
Production (t) (5510),Kiwi fruit (01352),France (250),2023,49770,"",h
Production (t) (5510),Kiwi fruit (01352),Italy (380),1990,321820,"",-
Production (t) (5510),Kiwi fruit (01352),Italy (380),1991,309350,"",-
Production (t) (5510),Kiwi fruit (01352),Italy (380),1992,374457,"",-
Production (t) (5510),Kiwi fruit (01352),Italy (380),1993,310463,"",-
Production (t) (5510),Kiwi fruit (01352),Italy (380),1994,344158,"",-
Production (t) (5510),Kiwi fruit (01352),Italy (380),1995,314032,"",-
Production (t) (5510),Kiwi fruit (01352),Italy (380),1996,344000,"",-
Production (t) (5510),Kiwi fruit (01352),Italy (380),1997,254903,"",-
Production (t) (5510),Kiwi fruit (01352),Italy (380),1998,265200,"",-
Production (t) (5510),Kiwi fruit (01352),Italy (380),1999,333596,"",-
Production (t) (5510),Kiwi fruit (01352),Italy (380),2000,345692,"",-
Production (t) (5510),Kiwi fruit (01352),Italy (380),2001,329300,"",-
Production (t) (5510),Kiwi fruit (01352),Italy (380),2002,379383,"",-
Production (t) (5510),Kiwi fruit (01352),Italy (380),2003,322800,"",-
Production (t) (5510),Kiwi fruit (01352),Italy (380),2004,429186,"",-
Production (t) (5510),Kiwi fruit (01352),Italy (380),2005,415052,"",-
Production (t) (5510),Kiwi fruit (01352),Italy (380),2006,434650,"",-
Production (t) (5510),Kiwi fruit (01352),Italy (380),2007,416997,"",-
Production (t) (5510),Kiwi fruit (01352),Italy (380),2008,473955,"",-
Production (t) (5510),Kiwi fruit (01352),Italy (380),2009,447608,"",-
Production (t) (5510),Kiwi fruit (01352),Italy (380),2010,415877,"",-
Production (t) (5510),Kiwi fruit (01352),Italy (380),2011,431558,"",-
Production (t) (5510),Kiwi fruit (01352),Italy (380),2012,384844.2,"",q
Production (t) (5510),Kiwi fruit (01352),Italy (380),2013,453737,"",q
Production (t) (5510),Kiwi fruit (01352),Italy (380),2014,506957.6,"",q
Production (t) (5510),Kiwi fruit (01352),Italy (380),2015,598558,"",q
Production (t) (5510),Kiwi fruit (01352),Italy (380),2016,523595.3,"",q
Production (t) (5510),Kiwi fruit (01352),Italy (380),2017,541150,"",q
Production (t) (5510),Kiwi fruit (01352),Italy (380),2018,562190,"",h
Production (t) (5510),Kiwi fruit (01352),Italy (380),2019,524490,"",h
Production (t) (5510),Kiwi fruit (01352),Italy (380),2020,521530,"",h
Production (t) (5510),Kiwi fruit (01352),Italy (380),2021,416060,"",h
Production (t) (5510),Kiwi fruit (01352),Italy (380),2022,523120,"",h
Production (t) (5510),Kiwi fruit (01352),Italy (380),2023,391100,"",h
Production (t) (5510),Persimmons (01359.01),Italy (380),1990,68770,"",-
Production (t) (5510),Persimmons (01359.01),Italy (380),1991,61810,"",-
Production (t) (5510),Persimmons (01359.01),Italy (380),1992,66546,"",-
Production (t) (5510),Persimmons (01359.01),Italy (380),1993,56753,"",-
Production (t) (5510),Persimmons (01359.01),Italy (380),1994,48999,"",-
Production (t) (5510),Persimmons (01359.01),Italy (380),1995,61300,"",-
Production (t) (5510),Persimmons (01359.01),Italy (380),1996,67800,T,-
Production (t) (5510),Persimmons (01359.01),Italy (380),1997,59800,T,-
Production (t) (5510),Persimmons (01359.01),Italy (380),1998,62000,T,-
Production (t) (5510),Persimmons (01359.01),Italy (380),1999,40769,"",-
Production (t) (5510),Persimmons (01359.01),Italy (380),2000,42450,"",-
Production (t) (5510),Persimmons (01359.01),Italy (380),2001,48240,"",-
Production (t) (5510),Persimmons (01359.01),Italy (380),2002,54170,"",-
Production (t) (5510),Persimmons (01359.01),Italy (380),2003,47000,"",-
Production (t) (5510),Persimmons (01359.01),Italy (380),2004,57110,"",-
Production (t) (5510),Persimmons (01359.01),Italy (380),2005,51332,"",-
Production (t) (5510),Persimmons (01359.01),Italy (380),2006,53100,"",-
Production (t) (5510),Persimmons (01359.01),Italy (380),2007,52500,"",-
Production (t) (5510),Persimmons (01359.01),Italy (380),2008,51600,"",-
Production (t) (5510),Persimmons (01359.01),Italy (380),2009,51593,"",-
Production (t) (5510),Persimmons (01359.01),Italy (380),2010,48165,"",-
Production (t) (5510),Persimmons (01359.01),Italy (380),2011,50347,"",-
Production (t) (5510),Persimmons (01359.01),Italy (380),2012,51164.8,"",q
Production (t) (5510),Persimmons (01359.01),Italy (380),2013,41858.4,"",q
Production (t) (5510),Persimmons (01359.01),Italy (380),2014,39149.1,"",q
Production (t) (5510),Persimmons (01359.01),Italy (380),2015,47322,"",q
Production (t) (5510),Persimmons (01359.01),Italy (380),2016,48625.7,"",q
Production (t) (5510),Persimmons (01359.01),Italy (380),2017,49675,"",q
Production (t) (5510),"Chestnuts, in shell (01373)",France (250),1990,13560,"",-
Production (t) (5510),"Chestnuts, in shell (01373)",France (250),1991,9244.1,"",p
Production (t) (5510),"Chestnuts, in shell (01373)",France (250),1992,9495.6,"",p
Production (t) (5510),"Chestnuts, in shell (01373)",France (250),1993,9414.4,"",p
Production (t) (5510),"Chestnuts, in shell (01373)",France (250),1994,9388.4,"",p
Production (t) (5510),"Chestnuts, in shell (01373)",France (250),1995,8502.9,"",p
Production (t) (5510),"Chestnuts, in shell (01373)",France (250),1996,8531.2,"",p
Production (t) (5510),"Chestnuts, in shell (01373)",France (250),1997,7872.3,"",p
Production (t) (5510),"Chestnuts, in shell (01373)",France (250),1998,10049.3,"",p
Production (t) (5510),"Chestnuts, in shell (01373)",France (250),1999,9398.8,"",p
Production (t) (5510),"Chestnuts, in shell (01373)",France (250),2000,9152.1,"",p
Production (t) (5510),"Chestnuts, in shell (01373)",France (250),2001,8594.6,"",p
Production (t) (5510),"Chestnuts, in shell (01373)",France (250),2002,9798.6,"",p
Production (t) (5510),"Chestnuts, in shell (01373)",France (250),2003,8657.3,"",p
Production (t) (5510),"Chestnuts, in shell (01373)",France (250),2004,10761.4,"",p
Production (t) (5510),"Chestnuts, in shell (01373)",France (250),2005,8123.9,"",p
Production (t) (5510),"Chestnuts, in shell (01373)",France (250),2006,9670,"",-
Production (t) (5510),"Chestnuts, in shell (01373)",France (250),2007,8313,"",p
Production (t) (5510),"Chestnuts, in shell (01373)",France (250),2008,6290,"",-
Production (t) (5510),"Chestnuts, in shell (01373)",France (250),2009,8672,"",-
Production (t) (5510),"Chestnuts, in shell (01373)",France (250),2010,9464,"",p
Production (t) (5510),"Chestnuts, in shell (01373)",France (250),2011,7159.7,"",p
Production (t) (5510),"Chestnuts, in shell (01373)",France (250),2012,8868.7,"",p
Production (t) (5510),"Chestnuts, in shell (01373)",France (250),2013,9200,"",q
Production (t) (5510),"Chestnuts, in shell (01373)",France (250),2014,8668,"",q
Production (t) (5510),"Chestnuts, in shell (01373)",France (250),2015,7943.1,"",q
Production (t) (5510),"Chestnuts, in shell (01373)",France (250),2016,7982,"",q
Production (t) (5510),"Chestnuts, in shell (01373)",France (250),2017,5706,"",q
Production (t) (5510),"Chestnuts, in shell (01373)",France (250),2018,8700,"",h
Production (t) (5510),"Chestnuts, in shell (01373)",France (250),2019,7350,"",h
Production (t) (5510),"Chestnuts, in shell (01373)",France (250),2020,8730,"",h
Production (t) (5510),"Chestnuts, in shell (01373)",France (250),2021,9460,"",h
Production (t) (5510),"Chestnuts, in shell (01373)",France (250),2022,10280,"",h
Production (t) (5510),"Chestnuts, in shell (01373)",France (250),2023,8570,"",h
Production (t) (5510),"Chestnuts, in shell (01373)",Italy (380),1990,49559,"",-
Production (t) (5510),"Chestnuts, in shell (01373)",Italy (380),1991,66579,"",-
Production (t) (5510),"Chestnuts, in shell (01373)",Italy (380),1992,69089,"",-
Production (t) (5510),"Chestnuts, in shell (01373)",Italy (380),1993,67722,"",-
Production (t) (5510),"Chestnuts, in shell (01373)",Italy (380),1994,69852,"",-
Production (t) (5510),"Chestnuts, in shell (01373)",Italy (380),1995,71971,"",-
Production (t) (5510),"Chestnuts, in shell (01373)",Italy (380),1996,68653,"",-
Production (t) (5510),"Chestnuts, in shell (01373)",Italy (380),1997,72782,"",-
Production (t) (5510),"Chestnuts, in shell (01373)",Italy (380),1998,78425,"",-
Production (t) (5510),"Chestnuts, in shell (01373)",Italy (380),1999,52158,"",-
Production (t) (5510),"Chestnuts, in shell (01373)",Italy (380),2000,50000,E,f
Production (t) (5510),"Chestnuts, in shell (01373)",Italy (380),2001,57529.044839,I,e
Production (t) (5510),"Chestnuts, in shell (01373)",Italy (380),2002,57607.970727,I,e
Production (t) (5510),"Chestnuts, in shell (01373)",Italy (380),2003,57238.788346,I,e
Production (t) (5510),"Chestnuts, in shell (01373)",Italy (380),2004,56894.109102,I,e
Production (t) (5510),"Chestnuts, in shell (01373)",Italy (380),2005,52000,E,f
Production (t) (5510),"Chestnuts, in shell (01373)",Italy (380),2006,52615,"",-
Production (t) (5510),"Chestnuts, in shell (01373)",Italy (380),2007,50000,E,f
Production (t) (5510),"Chestnuts, in shell (01373)",Italy (380),2008,55000,E,f
Production (t) (5510),"Chestnuts, in shell (01373)",Italy (380),2009,55437.886691,I,e
Production (t) (5510),"Chestnuts, in shell (01373)",Italy (380),2010,55239.903657,I,e
Production (t) (5510),"Chestnuts, in shell (01373)",Italy (380),2011,54992.293457,I,e
Production (t) (5510),"Chestnuts, in shell (01373)",Italy (380),2012,58683.872928,I,i
Production (t) (5510),"Chestnuts, in shell (01373)",Italy (380),2013,53847.802087,I,e
Production (t) (5510),"Chestnuts, in shell (01373)",Italy (380),2014,50697.280088,I,i
Production (t) (5510),"Chestnuts, in shell (01373)",Italy (380),2015,50913.219111,I,e
Production (t) (5510),"Chestnuts, in shell (01373)",Italy (380),2016,53144.91575,I,e
Production (t) (5510),"Chestnuts, in shell (01373)",Italy (380),2017,53422.243373,I,e
Production (t) (5510),"Chestnuts, in shell (01373)",Italy (380),2018,32790,"",h
Production (t) (5510),"Chestnuts, in shell (01373)",Italy (380),2019,39980,"",h
Production (t) (5510),"Chestnuts, in shell (01373)",Italy (380),2020,49750,"",h
Production (t) (5510),"Chestnuts, in shell (01373)",Italy (380),2021,43000,"",h
Production (t) (5510),"Chestnuts, in shell (01373)",Italy (380),2022,57350,"",h
Production (t) (5510),"Chestnuts, in shell (01373)",Italy (380),2023,70370,"",h
Production (t) (5510),"Anise, badian, coriander, cumin, caraway, fennel and juniper berries, raw (01654)",Italy (380),1990,0,"",-
Production (t) (5510),"Anise, badian, coriander, cumin, caraway, fennel and juniper berries, raw (01654)",Italy (380),1991,0,"",-
Production (t) (5510),"Anise, badian, coriander, cumin, caraway, fennel and juniper berries, raw (01654)",Italy (380),1992,0,"",-
Production (t) (5510),"Anise, badian, coriander, cumin, caraway, fennel and juniper berries, raw (01654)",Italy (380),1993,0,M,-
Production (t) (5510),"Anise, badian, coriander, cumin, caraway, fennel and juniper berries, raw (01654)",Italy (380),1994,0,M,-
Production (t) (5510),"Anise, badian, coriander, cumin, caraway, fennel and juniper berries, raw (01654)",Italy (380),1995,0,M,-
Production (t) (5510),"Anise, badian, coriander, cumin, caraway, fennel and juniper berries, raw (01654)",Italy (380),1996,0,M,-
Production (t) (5510),"Anise, badian, coriander, cumin, caraway, fennel and juniper berries, raw (01654)",Italy (380),1997,0,M,-
Production (t) (5510),"Anise, badian, coriander, cumin, caraway, fennel and juniper berries, raw (01654)",Italy (380),1998,0,M,-
Production (t) (5510),"Anise, badian, coriander, cumin, caraway, fennel and juniper berries, raw (01654)",Italy (380),1999,0,M,-
Production (t) (5510),"Anise, badian, coriander, cumin, caraway, fennel and juniper berries, raw (01654)",Italy (380),2000,0,M,-
Production (t) (5510),"Anise, badian, coriander, cumin, caraway, fennel and juniper berries, raw (01654)",Italy (380),2001,0,M,-
Production (t) (5510),"Anise, badian, coriander, cumin, caraway, fennel and juniper berries, raw (01654)",Italy (380),2002,0,M,-
Production (t) (5510),"Anise, badian, coriander, cumin, caraway, fennel and juniper berries, raw (01654)",Italy (380),2003,0,M,-
Production (t) (5510),"Anise, badian, coriander, cumin, caraway, fennel and juniper berries, raw (01654)",Italy (380),2004,0,M,-
Production (t) (5510),"Anise, badian, coriander, cumin, caraway, fennel and juniper berries, raw (01654)",Italy (380),2005,0,M,-
Production (t) (5510),"Anise, badian, coriander, cumin, caraway, fennel and juniper berries, raw (01654)",Italy (380),2006,0,M,-
Production (t) (5510),"Anise, badian, coriander, cumin, caraway, fennel and juniper berries, raw (01654)",Italy (380),2007,0,M,-
Production (t) (5510),"Anise, badian, coriander, cumin, caraway, fennel and juniper berries, raw (01654)",Italy (380),2008,0,M,-
Production (t) (5510),"Anise, badian, coriander, cumin, caraway, fennel and juniper berries, raw (01654)",Italy (380),2009,0,M,-
Production (t) (5510),"Anise, badian, coriander, cumin, caraway, fennel and juniper berries, raw (01654)",Italy (380),2010,0,M,-
Production (t) (5510),"Anise, badian, coriander, cumin, caraway, fennel and juniper berries, raw (01654)",Italy (380),2011,0,M,-
Production (t) (5510),"Anise, badian, coriander, cumin, caraway, fennel and juniper berries, raw (01654)",Italy (380),2012,0,M,-
Production (t) (5510),"Anise, badian, coriander, cumin, caraway, fennel and juniper berries, raw (01654)",Italy (380),2013,0,M,-
Production (t) (5510),"Anise, badian, coriander, cumin, caraway, fennel and juniper berries, raw (01654)",Italy (380),2014,0,M,-
Production (t) (5510),"Anise, badian, coriander, cumin, caraway, fennel and juniper berries, raw (01654)",Italy (380),2015,0,M,-
Production (t) (5510),"Anise, badian, coriander, cumin, caraway, fennel and juniper berries, raw (01654)",Italy (380),2016,0,M,-
Production (t) (5510),"Anise, badian, coriander, cumin, caraway, fennel and juniper berries, raw (01654)",Italy (380),2017,0,M,-
Production (t) (5510),Hop cones (01659),France (250),1990,787,"",-
Production (t) (5510),Hop cones (01659),France (250),1991,734,"",-
Production (t) (5510),Hop cones (01659),France (250),1992,937,"",-
Production (t) (5510),Hop cones (01659),France (250),1993,1077,"",-
Production (t) (5510),Hop cones (01659),France (250),1994,1104,"",-
Production (t) (5510),Hop cones (01659),France (250),1995,1109,"",-
Production (t) (5510),Hop cones (01659),France (250),1996,1149,"",-
Production (t) (5510),Hop cones (01659),France (250),1997,1150,"",-
Production (t) (5510),Hop cones (01659),France (250),1998,1274,"",-
Production (t) (5510),Hop cones (01659),France (250),1999,1328,"",-
Production (t) (5510),Hop cones (01659),France (250),2000,1691,"",-
Production (t) (5510),Hop cones (01659),France (250),2001,1230,"",-
Production (t) (5510),Hop cones (01659),France (250),2002,1567,"",-
Production (t) (5510),Hop cones (01659),France (250),2003,1395,"",-
Production (t) (5510),Hop cones (01659),France (250),2004,1191,"",-
Production (t) (5510),Hop cones (01659),France (250),2005,1374,"",-
Production (t) (5510),Hop cones (01659),France (250),2006,1209,"",-
Production (t) (5510),Hop cones (01659),France (250),2007,1493,"",-
Production (t) (5510),Hop cones (01659),France (250),2008,1468.8,"",-
Production (t) (5510),Hop cones (01659),France (250),2009,819.6,"",-
Production (t) (5510),Hop cones (01659),France (250),2010,791,"",-
Production (t) (5510),Hop cones (01659),France (250),2011,648.1,"",-
Production (t) (5510),Hop cones (01659),France (250),2012,745.9,"",-
Production (t) (5510),Hop cones (01659),France (250),2013,611,"",q
Production (t) (5510),Hop cones (01659),France (250),2014,636,"",q
Production (t) (5510),Hop cones (01659),France (250),2015,590,"",q
Production (t) (5510),Hop cones (01659),France (250),2016,636,"",q
Production (t) (5510),Hop cones (01659),France (250),2017,628.5,"",q
Production (t) (5510),Hop cones (01659),France (250),2018,740,"",h
Production (t) (5510),Hop cones (01659),France (250),2019,770,"",h
Production (t) (5510),Hop cones (01659),France (250),2020,840,"",h
Production (t) (5510),Hop cones (01659),France (250),2021,950,"",h
Production (t) (5510),Hop cones (01659),France (250),2022,1100,"",h
Production (t) (5510),Hop cones (01659),France (250),2023,720,"",h
Production (t) (5510),Hop cones (01659),Italy (380),2018,0,"",h
Production (t) (5510),Hop cones (01659),Italy (380),2019,50,"",h
Production (t) (5510),Hop cones (01659),Italy (380),2020,70,"",h
Production (t) (5510),Hop cones (01659),Italy (380),2021,70,"",h
Production (t) (5510),Hop cones (01659),Italy (380),2022,170,"",h
Production (t) (5510),Hop cones (01659),Italy (380),2023,110,"",h
Production (t) (5510),"Other stimulant, spice and aromatic crops, n.e.c. (01699)",Italy (380),1990,0,"",-
Production (t) (5510),"Other stimulant, spice and aromatic crops, n.e.c. (01699)",Italy (380),1991,0,"",-
Production (t) (5510),"Other stimulant, spice and aromatic crops, n.e.c. (01699)",Italy (380),1992,0,"",-
Production (t) (5510),"Other stimulant, spice and aromatic crops, n.e.c. (01699)",Italy (380),1993,0,M,-
Production (t) (5510),"Other stimulant, spice and aromatic crops, n.e.c. (01699)",Italy (380),1994,0,M,-
Production (t) (5510),"Other stimulant, spice and aromatic crops, n.e.c. (01699)",Italy (380),1995,0,M,-
Production (t) (5510),"Other stimulant, spice and aromatic crops, n.e.c. (01699)",Italy (380),1996,0,M,-
Production (t) (5510),"Other stimulant, spice and aromatic crops, n.e.c. (01699)",Italy (380),1997,0,M,-
Production (t) (5510),"Other stimulant, spice and aromatic crops, n.e.c. (01699)",Italy (380),1998,0,M,-
Production (t) (5510),"Other stimulant, spice and aromatic crops, n.e.c. (01699)",Italy (380),1999,0,M,-
Production (t) (5510),"Other stimulant, spice and aromatic crops, n.e.c. (01699)",Italy (380),2000,0,M,-
Production (t) (5510),"Other stimulant, spice and aromatic crops, n.e.c. (01699)",Italy (380),2001,0,M,-
Production (t) (5510),"Other stimulant, spice and aromatic crops, n.e.c. (01699)",Italy (380),2002,0,M,-
Production (t) (5510),"Other stimulant, spice and aromatic crops, n.e.c. (01699)",Italy (380),2003,0,M,-
Production (t) (5510),"Other stimulant, spice and aromatic crops, n.e.c. (01699)",Italy (380),2004,0,M,-
Production (t) (5510),"Other stimulant, spice and aromatic crops, n.e.c. (01699)",Italy (380),2005,0,M,-
Production (t) (5510),"Other stimulant, spice and aromatic crops, n.e.c. (01699)",Italy (380),2006,0,M,-
Production (t) (5510),"Other stimulant, spice and aromatic crops, n.e.c. (01699)",Italy (380),2007,0,M,-
Production (t) (5510),"Other stimulant, spice and aromatic crops, n.e.c. (01699)",Italy (380),2008,0,M,-
Production (t) (5510),"Other stimulant, spice and aromatic crops, n.e.c. (01699)",Italy (380),2009,0,M,-
Production (t) (5510),"Other stimulant, spice and aromatic crops, n.e.c. (01699)",Italy (380),2010,0,M,-
Production (t) (5510),"Other stimulant, spice and aromatic crops, n.e.c. (01699)",Italy (380),2011,0,M,-
Production (t) (5510),"Other stimulant, spice and aromatic crops, n.e.c. (01699)",Italy (380),2012,0,M,-
Production (t) (5510),"Other stimulant, spice and aromatic crops, n.e.c. (01699)",Italy (380),2013,0,M,-
Production (t) (5510),"Other stimulant, spice and aromatic crops, n.e.c. (01699)",Italy (380),2014,0,M,-
Production (t) (5510),"Other stimulant, spice and aromatic crops, n.e.c. (01699)",Italy (380),2015,0,M,-
Production (t) (5510),"Other stimulant, spice and aromatic crops, n.e.c. (01699)",Italy (380),2016,0,M,-
Production (t) (5510),"Other stimulant, spice and aromatic crops, n.e.c. (01699)",Italy (380),2017,0,M,-
Production (t) (5510),Maize for forage and silage (01911),France (250),1990,44003000,"",-
Production (t) (5510),Maize for forage and silage (01911),France (250),1991,55173000,"",-
Production (t) (5510),Maize for forage and silage (01911),France (250),1992,61087000,"",-
Production (t) (5510),Maize for forage and silage (01911),France (250),1993,57047000,"",-
Production (t) (5510),Maize for forage and silage (01911),France (250),1994,56190000,"",-
Production (t) (5510),Maize for forage and silage (01911),France (250),1995,55070000,"",-
Production (t) (5510),Maize for forage and silage (01911),France (250),1996,47427000,"",-
Production (t) (5510),Maize for forage and silage (01911),France (250),1997,56730000,"",-
Production (t) (5510),Maize for forage and silage (01911),France (250),1998,57153000,"",-
Production (t) (5510),Maize for forage and silage (01911),France (250),1999,58598000,"",-
Production (t) (5510),Maize for forage and silage (01911),France (250),2000,52342000,"",-
Production (t) (5510),Maize for forage and silage (01911),France (250),2001,53691000,"",-
Production (t) (5510),Maize for forage and silage (01911),France (250),2002,49932000,"",-
Production (t) (5510),Maize for forage and silage (01911),France (250),2003,46762700,"",-
Production (t) (5510),Maize for forage and silage (01911),France (250),2004,49875000,"",-
Production (t) (5510),Maize for forage and silage (01911),France (250),2005,43600000,"",-
Production (t) (5510),Maize for forage and silage (01911),France (250),2006,42200000,T,-
Production (t) (5510),Maize for forage and silage (01911),France (250),2007,43074000,T,-
Production (t) (5510),Maize for forage and silage (01911),France (250),2008,4.4e+07,T,-
Production (t) (5510),Maize for forage and silage (01911),France (250),2009,44640000,T,-
Production (t) (5510),Maize for forage and silage (01911),France (250),2010,40550000,T,-
Production (t) (5510),Maize for forage and silage (01911),France (250),2011,47200000,T,-
Production (t) (5510),Maize for forage and silage (01911),France (250),2012,45288000,T,-
Production (t) (5510),Maize for forage and silage (01911),France (250),2013,46216290,"",q
Production (t) (5510),Maize for forage and silage (01911),France (250),2014,20399547,"",q
Production (t) (5510),Maize for forage and silage (01911),France (250),2015,17427495,"",q
Production (t) (5510),Maize for forage and silage (01911),France (250),2016,16269921,"",q
Production (t) (5510),Maize for forage and silage (01911),France (250),2017,19116190,"",q
Production (t) (5510),Maize for forage and silage (01911),France (250),2018,48810120,"",h
Production (t) (5510),Maize for forage and silage (01911),France (250),2019,46827300,"",h
Production (t) (5510),Maize for forage and silage (01911),France (250),2020,44887480,"",h
Production (t) (5510),Maize for forage and silage (01911),France (250),2021,50395420,"",h
Production (t) (5510),Maize for forage and silage (01911),France (250),2022,39271540,"",h
Production (t) (5510),Maize for forage and silage (01911),France (250),2023,49726130,"",h
Production (t) (5510),Maize for forage and silage (01911),Italy (380),1990,16202200,"",-
Production (t) (5510),Maize for forage and silage (01911),Italy (380),1991,15221500,"",-
Production (t) (5510),Maize for forage and silage (01911),Italy (380),1992,15205900,"",-
Production (t) (5510),Maize for forage and silage (01911),Italy (380),1993,16060200,"",-
Production (t) (5510),Maize for forage and silage (01911),Italy (380),1994,15382100,"",-
Production (t) (5510),Maize for forage and silage (01911),Italy (380),1995,15283500,"",-
Production (t) (5510),Maize for forage and silage (01911),Italy (380),1996,16700000,"",-
Production (t) (5510),Maize for forage and silage (01911),Italy (380),1997,15693200,"",-
Production (t) (5510),Maize for forage and silage (01911),Italy (380),1998,14909000,"",-
Production (t) (5510),Maize for forage and silage (01911),Italy (380),1999,15051700,"",-
Production (t) (5510),Maize for forage and silage (01911),Italy (380),2000,13517200,"",-
Production (t) (5510),Maize for forage and silage (01911),Italy (380),2001,14868100,"",-
Production (t) (5510),Maize for forage and silage (01911),Italy (380),2002,14877700,"",-
Production (t) (5510),Maize for forage and silage (01911),Italy (380),2003,12987400,"",-
Production (t) (5510),Maize for forage and silage (01911),Italy (380),2004,14841000,"",-
Production (t) (5510),Maize for forage and silage (01911),Italy (380),2005,14334200,"",-
Production (t) (5510),Maize for forage and silage (01911),Italy (380),2006,14223000,"",-
Production (t) (5510),Maize for forage and silage (01911),Italy (380),2007,14290200,"",-
Production (t) (5510),Maize for forage and silage (01911),Italy (380),2008,14272400,"",-
Production (t) (5510),Maize for forage and silage (01911),Italy (380),2009,13593100,"",-
Production (t) (5510),Maize for forage and silage (01911),Italy (380),2010,14088700,"",-
Production (t) (5510),Maize for forage and silage (01911),Italy (380),2011,15620800,"",-
Production (t) (5510),Maize for forage and silage (01911),Italy (380),2012,15151400,"",q
Production (t) (5510),Maize for forage and silage (01911),Italy (380),2013,15083700,"",q
Production (t) (5510),Maize for forage and silage (01911),Italy (380),2014,19046500,"",q
Production (t) (5510),Maize for forage and silage (01911),Italy (380),2015,16394100,"",p
Production (t) (5510),Maize for forage and silage (01911),Italy (380),2016,17113700,"",q
Production (t) (5510),Maize for forage and silage (01911),Italy (380),2017,16023900,"",q
Production (t) (5510),Maize for forage and silage (01911),Italy (380),2018,22038090,"",h
Production (t) (5510),Maize for forage and silage (01911),Italy (380),2019,22306850,"",h
Production (t) (5510),Maize for forage and silage (01911),Italy (380),2020,24648500,"",h
Production (t) (5510),Maize for forage and silage (01911),Italy (380),2021,24017570,"",h
Production (t) (5510),Maize for forage and silage (01911),Italy (380),2022,21060380,"",h
Production (t) (5510),Maize for forage and silage (01911),Italy (380),2023,22904430,"",h
Production (t) (5510),Alfalfa for forage and silage (01912),France (250),1990,1.4e+07,T,-
Production (t) (5510),Alfalfa for forage and silage (01912),France (250),1991,14470000,T,-
Production (t) (5510),Alfalfa for forage and silage (01912),France (250),1992,17485000,T,-
Production (t) (5510),Alfalfa for forage and silage (01912),France (250),1993,17395000,T,-
Production (t) (5510),Alfalfa for forage and silage (01912),France (250),1994,16165000,T,-
Production (t) (5510),Alfalfa for forage and silage (01912),France (250),1995,14455000,T,-
Production (t) (5510),Alfalfa for forage and silage (01912),France (250),1996,12815000,T,-
Production (t) (5510),Alfalfa for forage and silage (01912),France (250),1997,13507000,T,-
Production (t) (5510),Alfalfa for forage and silage (01912),France (250),1998,14743000,T,-
Production (t) (5510),Alfalfa for forage and silage (01912),France (250),1999,14394000,T,-
Production (t) (5510),Alfalfa for forage and silage (01912),France (250),2000,14500000,T,-
Production (t) (5510),Alfalfa for forage and silage (01912),France (250),2001,11916700,T,-
Production (t) (5510),Alfalfa for forage and silage (01912),France (250),2002,11677900,T,-
Production (t) (5510),Alfalfa for forage and silage (01912),France (250),2003,10825380,T,-
Production (t) (5510),Alfalfa for forage and silage (01912),France (250),2004,11750000,T,-
Production (t) (5510),Alfalfa for forage and silage (01912),France (250),2005,13046140,T,-
Production (t) (5510),Alfalfa for forage and silage (01912),France (250),2006,13306775,"",-
Production (t) (5510),Alfalfa for forage and silage (01912),France (250),2007,1.3e+07,E,f
Production (t) (5510),Alfalfa for forage and silage (01912),France (250),2008,13500000,E,f
Production (t) (5510),Alfalfa for forage and silage (01912),France (250),2009,1.4e+07,E,f
Production (t) (5510),Alfalfa for forage and silage (01912),France (250),2010,1.4e+07,E,f
Production (t) (5510),Alfalfa for forage and silage (01912),France (250),2011,1.4e+07,E,f
Production (t) (5510),Alfalfa for forage and silage (01912),France (250),2012,1.4e+07,E,f
Production (t) (5510),Alfalfa for forage and silage (01912),France (250),2013,1.4e+07,E,f
Production (t) (5510),Alfalfa for forage and silage (01912),France (250),2014,1.4e+07,E,f
Production (t) (5510),Alfalfa for forage and silage (01912),France (250),2019,1.4e+07,E,t
Production (t) (5510),Alfalfa for forage and silage (01912),France (250),2020,1.4e+07,E,t
Production (t) (5510),Alfalfa for forage and silage (01912),Italy (380),1990,30094608,"",-
Production (t) (5510),Alfalfa for forage and silage (01912),Italy (380),1991,30366496,"",-
Production (t) (5510),Alfalfa for forage and silage (01912),Italy (380),1992,30766496,"",-
Production (t) (5510),Alfalfa for forage and silage (01912),Italy (380),1993,29850400,"",-
Production (t) (5510),Alfalfa for forage and silage (01912),Italy (380),1994,29271600,"",-
Production (t) (5510),Alfalfa for forage and silage (01912),Italy (380),1995,27858100,"",-
Production (t) (5510),Alfalfa for forage and silage (01912),Italy (380),1996,27349000,"",-
Production (t) (5510),Alfalfa for forage and silage (01912),Italy (380),1997,27573200,"",-
Production (t) (5510),Alfalfa for forage and silage (01912),Italy (380),1998,28455200,"",-
Production (t) (5510),Alfalfa for forage and silage (01912),Italy (380),1999,27685900,"",-
Production (t) (5510),Alfalfa for forage and silage (01912),Italy (380),2000,25662700,"",-
Production (t) (5510),Alfalfa for forage and silage (01912),Italy (380),2001,24378100,"",-
Production (t) (5510),Alfalfa for forage and silage (01912),Italy (380),2002,26226100,"",-
Production (t) (5510),Alfalfa for forage and silage (01912),Italy (380),2003,19557800,"",-
Production (t) (5510),Alfalfa for forage and silage (01912),Italy (380),2004,25163900,"",-
Production (t) (5510),Alfalfa for forage and silage (01912),Italy (380),2005,25924100,"",-
Production (t) (5510),Alfalfa for forage and silage (01912),Italy (380),2006,24742900,"",-
Production (t) (5510),Alfalfa for forage and silage (01912),Italy (380),2007,23479500,"",-
Production (t) (5510),Alfalfa for forage and silage (01912),Italy (380),2008,22596100,"",-
Production (t) (5510),Alfalfa for forage and silage (01912),Italy (380),2009,21924200,"",-
Production (t) (5510),Alfalfa for forage and silage (01912),Italy (380),2010,21956200,"",-
Production (t) (5510),Alfalfa for forage and silage (01912),Italy (380),2011,19835800,"",-
Production (t) (5510),Alfalfa for forage and silage (01912),Italy (380),2012,15142100,"",q
Production (t) (5510),Alfalfa for forage and silage (01912),Italy (380),2013,18389700,"",q
Production (t) (5510),Alfalfa for forage and silage (01912),Italy (380),2014,19342200,"",q
Production (t) (5510),Alfalfa for forage and silage (01912),Italy (380),2015,17255600,"",q
Production (t) (5510),Alfalfa for forage and silage (01912),Italy (380),2016,20880700,"",q
Production (t) (5510),Alfalfa for forage and silage (01912),Italy (380),2017,16777300,"",q
Production (t) (5510),Alfalfa for forage and silage (01912),Italy (380),2018,29257910,"",h
Production (t) (5510),Alfalfa for forage and silage (01912),Italy (380),2019,31564850,"",h
Production (t) (5510),Alfalfa for forage and silage (01912),Italy (380),2020,32138510,"",h
Production (t) (5510),Alfalfa for forage and silage (01912),Italy (380),2021,27775180,"",h
Production (t) (5510),Alfalfa for forage and silage (01912),Italy (380),2022,23448810,"",h
Production (t) (5510),Alfalfa for forage and silage (01912),Italy (380),2023,23205480,"",h
Production (t) (5510),"Cereal straw, husks, unprepared, ground, pressed, or in the form of pellets (01913)",Italy (380),1990,16122000,"",-
Production (t) (5510),"Cereal straw, husks, unprepared, ground, pressed, or in the form of pellets (01913)",Italy (380),1991,18176704,"",-
Production (t) (5510),"Cereal straw, husks, unprepared, ground, pressed, or in the form of pellets (01913)",Italy (380),1992,18429000,"",-
Production (t) (5510),"Cereal straw, husks, unprepared, ground, pressed, or in the form of pellets (01913)",Italy (380),1993,16647000,"",-
Production (t) (5510),"Cereal straw, husks, unprepared, ground, pressed, or in the form of pellets (01913)",Italy (380),1994,15906600,T,-
Production (t) (5510),"Cereal straw, husks, unprepared, ground, pressed, or in the form of pellets (01913)",Italy (380),1995,15635600,T,-
Production (t) (5510),"Cereal straw, husks, unprepared, ground, pressed, or in the form of pellets (01913)",Italy (380),1996,15864300,T,-
Production (t) (5510),"Cereal straw, husks, unprepared, ground, pressed, or in the form of pellets (01913)",Italy (380),1997,13687000,T,-
Production (t) (5510),"Cereal straw, husks, unprepared, ground, pressed, or in the form of pellets (01913)",Italy (380),1998,16681200,T,-
Production (t) (5510),"Cereal straw, husks, unprepared, ground, pressed, or in the form of pellets (01913)",Italy (380),1999,1.6e+07,E,f
Production (t) (5510),"Cereal straw, husks, unprepared, ground, pressed, or in the form of pellets (01913)",Italy (380),2000,1.6e+07,E,f
Production (t) (5510),"Cereal straw, husks, unprepared, ground, pressed, or in the form of pellets (01913)",Italy (380),2001,1.6e+07,E,f
Production (t) (5510),"Cereal straw, husks, unprepared, ground, pressed, or in the form of pellets (01913)",Italy (380),2002,1.6e+07,E,f
Production (t) (5510),"Cereal straw, husks, unprepared, ground, pressed, or in the form of pellets (01913)",Italy (380),2003,1.6e+07,E,f
Production (t) (5510),"Cereal straw, husks, unprepared, ground, pressed, or in the form of pellets (01913)",Italy (380),2004,1.6e+07,E,f
Production (t) (5510),"Cereal straw, husks, unprepared, ground, pressed, or in the form of pellets (01913)",Italy (380),2005,1.6e+07,E,f
Production (t) (5510),"Cereal straw, husks, unprepared, ground, pressed, or in the form of pellets (01913)",Italy (380),2006,1.6e+07,E,f
Production (t) (5510),"Cereal straw, husks, unprepared, ground, pressed, or in the form of pellets (01913)",Italy (380),2007,1.6e+07,E,f
Production (t) (5510),"Cereal straw, husks, unprepared, ground, pressed, or in the form of pellets (01913)",Italy (380),2008,1.6e+07,E,f
Production (t) (5510),"Cereal straw, husks, unprepared, ground, pressed, or in the form of pellets (01913)",Italy (380),2009,1.6e+07,E,f
Production (t) (5510),"Cereal straw, husks, unprepared, ground, pressed, or in the form of pellets (01913)",Italy (380),2010,1.6e+07,E,f
Production (t) (5510),"Cereal straw, husks, unprepared, ground, pressed, or in the form of pellets (01913)",Italy (380),2011,1.6e+07,E,f
Production (t) (5510),"Cereal straw, husks, unprepared, ground, pressed, or in the form of pellets (01913)",Italy (380),2012,1.6e+07,E,f
Production (t) (5510),"Cereal straw, husks, unprepared, ground, pressed, or in the form of pellets (01913)",Italy (380),2013,1.6e+07,E,f
Production (t) (5510),"Sorghum, for forage (01919.01)",France (250),1990,397200,"",-
Production (t) (5510),"Sorghum, for forage (01919.01)",France (250),1991,476200,"",-
Production (t) (5510),"Sorghum, for forage (01919.01)",France (250),1992,539000,"",-
Production (t) (5510),"Sorghum, for forage (01919.01)",France (250),1993,5e+05,"",-
Production (t) (5510),"Sorghum, for forage (01919.01)",France (250),1994,443500,"",-
Production (t) (5510),"Sorghum, for forage (01919.01)",France (250),1995,377100,"",-
Production (t) (5510),"Sorghum, for forage (01919.01)",France (250),1996,372700,"",-
Production (t) (5510),"Sorghum, for forage (01919.01)",France (250),1997,458000,"",-
Production (t) (5510),"Sorghum, for forage (01919.01)",France (250),1998,385000,"",-
Production (t) (5510),"Sorghum, for forage (01919.01)",France (250),1999,423000,"",-
Production (t) (5510),"Sorghum, for forage (01919.01)",France (250),2000,421000,"",-
Production (t) (5510),"Sorghum, for forage (01919.01)",France (250),2001,392000,"",-
Production (t) (5510),"Sorghum, for forage (01919.01)",France (250),2002,404000,"",-
Production (t) (5510),"Sorghum, for forage (01919.01)",France (250),2003,268000,"",-
Production (t) (5510),"Sorghum, for forage (01919.01)",France (250),2004,385000,"",-
Production (t) (5510),"Sorghum, for forage (01919.01)",France (250),2005,322700,"",-
Production (t) (5510),"Sorghum, for forage (01919.01)",France (250),2006,335705,"",-
Production (t) (5510),"Sorghum, for forage (01919.01)",France (250),2007,345000,E,f
Production (t) (5510),"Sorghum, for forage (01919.01)",France (250),2008,352000,E,f
Production (t) (5510),"Sorghum, for forage (01919.01)",France (250),2009,360000,E,f
Production (t) (5510),"Sorghum, for forage (01919.01)",France (250),2010,370000,E,f
Production (t) (5510),"Sorghum, for forage (01919.01)",France (250),2011,370000,E,f
Production (t) (5510),"Sorghum, for forage (01919.01)",France (250),2012,370000,E,f
Production (t) (5510),"Sorghum, for forage (01919.01)",France (250),2013,370000,E,f
Production (t) (5510),"Sorghum, for forage (01919.01)",France (250),2014,370000,E,f
Production (t) (5510),"Sorghum, for forage (01919.01)",France (250),2019,370000,E,t
Production (t) (5510),"Sorghum, for forage (01919.01)",France (250),2020,370000,E,t
Production (t) (5510),"Sorghum, for forage (01919.01)",Italy (380),1990,534400,"",-
Production (t) (5510),"Sorghum, for forage (01919.01)",Italy (380),1991,496000,"",-
Production (t) (5510),"Sorghum, for forage (01919.01)",Italy (380),1992,520000,"",-
Production (t) (5510),"Sorghum, for forage (01919.01)",Italy (380),1993,482900,"",-
Production (t) (5510),"Sorghum, for forage (01919.01)",Italy (380),1994,324500,"",-
Production (t) (5510),"Sorghum, for forage (01919.01)",Italy (380),1995,293200,"",-
Production (t) (5510),"Sorghum, for forage (01919.01)",Italy (380),1996,280000,E,f
Production (t) (5510),"Sorghum, for forage (01919.01)",Italy (380),1997,280000,E,f
Production (t) (5510),"Sorghum, for forage (01919.01)",Italy (380),1998,280000,E,f
Production (t) (5510),"Sorghum, for forage (01919.01)",Italy (380),1999,290000,E,f
Production (t) (5510),"Sorghum, for forage (01919.01)",Italy (380),2000,3e+05,E,f
Production (t) (5510),"Sorghum, for forage (01919.01)",Italy (380),2001,3e+05,E,f
Production (t) (5510),"Sorghum, for forage (01919.01)",Italy (380),2002,3e+05,E,f
Production (t) (5510),"Sorghum, for forage (01919.01)",Italy (380),2003,3e+05,E,f
Production (t) (5510),"Sorghum, for forage (01919.01)",Italy (380),2004,3e+05,E,f
Production (t) (5510),"Sorghum, for forage (01919.01)",Italy (380),2005,320000,E,f
Production (t) (5510),"Sorghum, for forage (01919.01)",Italy (380),2006,330000,E,f
Production (t) (5510),"Sorghum, for forage (01919.01)",Italy (380),2007,340000,E,f
Production (t) (5510),"Sorghum, for forage (01919.01)",Italy (380),2008,343000,E,f
Production (t) (5510),"Sorghum, for forage (01919.01)",Italy (380),2009,347000,E,f
Production (t) (5510),"Sorghum, for forage (01919.01)",Italy (380),2010,345000,E,f
Production (t) (5510),"Sorghum, for forage (01919.01)",Italy (380),2011,345000,E,f
Production (t) (5510),"Sorghum, for forage (01919.01)",Italy (380),2012,350000,E,f
Production (t) (5510),"Sorghum, for forage (01919.01)",Italy (380),2013,352000,E,f
Production (t) (5510),"Sorghum, for forage (01919.01)",Italy (380),2019,352000,E,t
Production (t) (5510),"Sorghum, for forage (01919.01)",Italy (380),2020,352000,E,t
Production (t) (5510),"Rye grass, for forage (01919.02)",France (250),1990,19195000,T,-
Production (t) (5510),"Rye grass, for forage (01919.02)",France (250),1991,25525000,T,-
Production (t) (5510),"Rye grass, for forage (01919.02)",France (250),1992,30860000,T,-
Production (t) (5510),"Rye grass, for forage (01919.02)",France (250),1993,30450000,T,-
Production (t) (5510),"Rye grass, for forage (01919.02)",France (250),1994,31540000,T,-
Production (t) (5510),"Rye grass, for forage (01919.02)",France (250),1995,27590000,T,-
Production (t) (5510),"Rye grass, for forage (01919.02)",France (250),1996,26385000,T,-
Production (t) (5510),"Rye grass, for forage (01919.02)",France (250),1997,27680000,T,-
Production (t) (5510),"Rye grass, for forage (01919.02)",France (250),1998,31141000,T,-
Production (t) (5510),"Rye grass, for forage (01919.02)",France (250),1999,32807000,T,-
Production (t) (5510),"Rye grass, for forage (01919.02)",France (250),2000,32809000,T,-
Production (t) (5510),"Rye grass, for forage (01919.02)",France (250),2001,22408800,T,-
Production (t) (5510),"Rye grass, for forage (01919.02)",France (250),2002,22138300,T,-
Production (t) (5510),"Rye grass, for forage (01919.02)",France (250),2003,16461170,T,-
Production (t) (5510),"Rye grass, for forage (01919.02)",France (250),2004,21522700,T,-
Production (t) (5510),"Rye grass, for forage (01919.02)",France (250),2005,18039200,T,-
Production (t) (5510),"Rye grass, for forage (01919.02)",France (250),2006,20274000,E,f
Production (t) (5510),"Rye grass, for forage (01919.02)",France (250),2007,20400000,E,f
Production (t) (5510),"Rye grass, for forage (01919.02)",France (250),2008,20400000,E,f
Production (t) (5510),"Rye grass, for forage (01919.02)",France (250),2009,20400000,E,f
Production (t) (5510),"Rye grass, for forage (01919.02)",France (250),2010,20400000,E,f
Production (t) (5510),"Rye grass, for forage (01919.02)",France (250),2011,20400000,E,f
Production (t) (5510),"Rye grass, for forage (01919.02)",France (250),2012,20400000,E,f
Production (t) (5510),"Rye grass, for forage (01919.02)",France (250),2013,20400000,E,f
Production (t) (5510),"Rye grass, for forage (01919.02)",France (250),2014,20400000,E,f
Production (t) (5510),"Rye grass, for forage (01919.02)",France (250),2019,20400000,E,t
Production (t) (5510),"Rye grass, for forage (01919.02)",France (250),2020,20400000,E,t
Production (t) (5510),"Clover, for forage (01919.03)",France (250),1990,1805000,T,-
Production (t) (5510),"Clover, for forage (01919.03)",France (250),1991,1920000,T,-
Production (t) (5510),"Clover, for forage (01919.03)",France (250),1992,2125000,T,-
Production (t) (5510),"Clover, for forage (01919.03)",France (250),1993,2260000,T,-
Production (t) (5510),"Clover, for forage (01919.03)",France (250),1994,2035000,T,-
Production (t) (5510),"Clover, for forage (01919.03)",France (250),1995,1710000,T,-
Production (t) (5510),"Clover, for forage (01919.03)",France (250),1996,1625000,T,-
Production (t) (5510),"Clover, for forage (01919.03)",France (250),1997,1587000,T,-
Production (t) (5510),"Clover, for forage (01919.03)",France (250),1998,1561000,T,-
Production (t) (5510),"Clover, for forage (01919.03)",France (250),1999,1633000,T,-
Production (t) (5510),"Clover, for forage (01919.03)",France (250),2000,1668000,T,-
Production (t) (5510),"Clover, for forage (01919.03)",France (250),2001,1282650,T,-
Production (t) (5510),"Clover, for forage (01919.03)",France (250),2002,1299870,T,-
Production (t) (5510),"Clover, for forage (01919.03)",France (250),2003,1109792,T,-
Production (t) (5510),"Clover, for forage (01919.03)",France (250),2004,1330000,T,-
Production (t) (5510),"Clover, for forage (01919.03)",France (250),2005,1322745,T,-
Production (t) (5510),"Clover, for forage (01919.03)",France (250),2006,1432205,"",-
Production (t) (5510),"Clover, for forage (01919.03)",France (250),2007,1435000,E,f
Production (t) (5510),"Clover, for forage (01919.03)",France (250),2008,1500000,E,f
Production (t) (5510),"Clover, for forage (01919.03)",France (250),2009,1550000,E,f
Production (t) (5510),"Clover, for forage (01919.03)",France (250),2010,1550000,E,f
Production (t) (5510),"Clover, for forage (01919.03)",France (250),2011,1550000,E,f
Production (t) (5510),"Clover, for forage (01919.03)",France (250),2012,1550000,E,f
Production (t) (5510),"Clover, for forage (01919.03)",France (250),2013,1550000,E,f
Production (t) (5510),"Clover, for forage (01919.03)",France (250),2014,1550000,E,f
Production (t) (5510),"Clover, for forage (01919.03)",France (250),2019,1550000,E,t
Production (t) (5510),"Clover, for forage (01919.03)",France (250),2020,1550000,E,t
Production (t) (5510),"Clover, for forage (01919.03)",Italy (380),1990,6304100,"",-
Production (t) (5510),"Clover, for forage (01919.03)",Italy (380),1991,5227800,"",-
Production (t) (5510),"Clover, for forage (01919.03)",Italy (380),1992,3725400,"",-
Production (t) (5510),"Clover, for forage (01919.03)",Italy (380),1993,3269400,"",-
Production (t) (5510),"Clover, for forage (01919.03)",Italy (380),1994,3040800,"",-
Production (t) (5510),"Clover, for forage (01919.03)",Italy (380),1995,2899100,"",-
Production (t) (5510),"Clover, for forage (01919.03)",Italy (380),1996,2768200,"",-
Production (t) (5510),"Clover, for forage (01919.03)",Italy (380),1997,2846700,"",-
Production (t) (5510),"Clover, for forage (01919.03)",Italy (380),1998,0,M,-
Production (t) (5510),"Clover, for forage (01919.03)",Italy (380),1999,0,M,-
Production (t) (5510),"Clover, for forage (01919.03)",Italy (380),2000,0,M,-
Production (t) (5510),"Clover, for forage (01919.03)",Italy (380),2001,0,M,-
Production (t) (5510),"Clover, for forage (01919.03)",Italy (380),2002,0,M,-
Production (t) (5510),"Clover, for forage (01919.03)",Italy (380),2003,0,M,-
Production (t) (5510),"Clover, for forage (01919.03)",Italy (380),2004,0,M,-
Production (t) (5510),"Clover, for forage (01919.03)",Italy (380),2005,0,M,-
Production (t) (5510),"Clover, for forage (01919.03)",Italy (380),2006,0,M,-
Production (t) (5510),"Clover, for forage (01919.03)",Italy (380),2007,0,M,-
Production (t) (5510),"Clover, for forage (01919.03)",Italy (380),2008,0,M,-
Production (t) (5510),"Clover, for forage (01919.03)",Italy (380),2009,0,M,-
Production (t) (5510),"Clover, for forage (01919.03)",Italy (380),2010,0,M,-
Production (t) (5510),"Clover, for forage (01919.03)",Italy (380),2011,0,M,-
Production (t) (5510),"Clover, for forage (01919.03)",Italy (380),2012,0,M,-
Production (t) (5510),"Clover, for forage (01919.03)",Italy (380),2013,0,M,-
Production (t) (5510),"Clover, for forage (01919.03)",Italy (380),2014,0,M,-
Production (t) (5510),"Clover, for forage (01919.03)",Italy (380),2019,0,E,t
Production (t) (5510),"Clover, for forage (01919.03)",Italy (380),2020,0,E,t
Production (t) (5510),"Cabbage, for forage (01919.04)",France (250),1990,1624400,"",-
Production (t) (5510),"Cabbage, for forage (01919.04)",France (250),1991,2338200,"",-
Production (t) (5510),"Cabbage, for forage (01919.04)",France (250),1992,2533500,"",-
Production (t) (5510),"Cabbage, for forage (01919.04)",France (250),1993,2371600,"",-
Production (t) (5510),"Cabbage, for forage (01919.04)",France (250),1994,2227200,"",-
Production (t) (5510),"Cabbage, for forage (01919.04)",France (250),1995,2012800,"",-
Production (t) (5510),"Cabbage, for forage (01919.04)",France (250),1996,1751000,"",-
Production (t) (5510),"Cabbage, for forage (01919.04)",France (250),1997,1894700,"",-
Production (t) (5510),"Cabbage, for forage (01919.04)",France (250),1998,1852300,"",-
Production (t) (5510),"Cabbage, for forage (01919.04)",France (250),1999,1849000,"",-
Production (t) (5510),"Cabbage, for forage (01919.04)",France (250),2000,1875000,"",-
Production (t) (5510),"Cabbage, for forage (01919.04)",France (250),2001,1167476,"",-
Production (t) (5510),"Cabbage, for forage (01919.04)",France (250),2002,1295247,"",-
Production (t) (5510),"Cabbage, for forage (01919.04)",France (250),2003,1005201,"",-
Production (t) (5510),"Cabbage, for forage (01919.04)",France (250),2004,976849,"",-
Production (t) (5510),"Cabbage, for forage (01919.04)",France (250),2005,899315,"",-
Production (t) (5510),"Cabbage, for forage (01919.04)",France (250),2006,9e+05,E,f
Production (t) (5510),"Cabbage, for forage (01919.04)",France (250),2007,912796,"",-
Production (t) (5510),"Cabbage, for forage (01919.04)",France (250),2008,931753,"",-
Production (t) (5510),"Cabbage, for forage (01919.04)",France (250),2009,903525,"",-
Production (t) (5510),"Cabbage, for forage (01919.04)",France (250),2010,9e+05,E,f
Production (t) (5510),"Cabbage, for forage (01919.04)",France (250),2011,9e+05,E,f
Production (t) (5510),"Cabbage, for forage (01919.04)",France (250),2012,9e+05,E,f
Production (t) (5510),"Cabbage, for forage (01919.04)",France (250),2013,9e+05,E,f
Production (t) (5510),"Cabbage, for forage (01919.04)",France (250),2014,155412,"",q
Production (t) (5510),"Cabbage, for forage (01919.04)",France (250),2015,137773,"",q
Production (t) (5510),"Cabbage, for forage (01919.04)",France (250),2016,108997,"",q
Production (t) (5510),"Cabbage, for forage (01919.04)",France (250),2017,110001.8,"",q
Production (t) (5510),"Cabbage, for forage (01919.04)",France (250),2018,108327,"",q
Production (t) (5510),"Cabbage, for forage (01919.04)",France (250),2019,108327,E,t
Production (t) (5510),"Cabbage, for forage (01919.04)",France (250),2020,108327,E,t
Production (t) (5510),"Cabbage, for forage (01919.04)",Italy (380),1990,0,E,f
Production (t) (5510),"Cabbage, for forage (01919.04)",Italy (380),1991,0,"",-
Production (t) (5510),"Cabbage, for forage (01919.04)",Italy (380),1992,0,"",-
Production (t) (5510),"Cabbage, for forage (01919.04)",Italy (380),1993,0,"",-
Production (t) (5510),"Cabbage, for forage (01919.04)",Italy (380),1994,0,"",-
Production (t) (5510),"Cabbage, for forage (01919.04)",Italy (380),1995,0,"",-
Production (t) (5510),"Cabbage, for forage (01919.04)",Italy (380),1996,0,M,-
Production (t) (5510),"Cabbage, for forage (01919.04)",Italy (380),1997,0,M,-
Production (t) (5510),"Cabbage, for forage (01919.04)",Italy (380),1998,0,M,-
Production (t) (5510),"Cabbage, for forage (01919.04)",Italy (380),1999,0,M,-
Production (t) (5510),"Cabbage, for forage (01919.04)",Italy (380),2000,0,M,-
Production (t) (5510),"Cabbage, for forage (01919.04)",Italy (380),2001,0,M,-
Production (t) (5510),"Cabbage, for forage (01919.04)",Italy (380),2002,0,M,-
Production (t) (5510),"Cabbage, for forage (01919.04)",Italy (380),2003,0,M,-
Production (t) (5510),"Cabbage, for forage (01919.04)",Italy (380),2004,0,M,-
Production (t) (5510),"Cabbage, for forage (01919.04)",Italy (380),2005,0,M,-
Production (t) (5510),"Cabbage, for forage (01919.04)",Italy (380),2006,0,M,-
Production (t) (5510),"Cabbage, for forage (01919.04)",Italy (380),2007,0,M,-
Production (t) (5510),"Cabbage, for forage (01919.04)",Italy (380),2008,0,M,-
Production (t) (5510),"Cabbage, for forage (01919.04)",Italy (380),2009,0,M,-
Production (t) (5510),"Cabbage, for forage (01919.04)",Italy (380),2010,0,M,-
Production (t) (5510),"Cabbage, for forage (01919.04)",Italy (380),2011,0,M,-
Production (t) (5510),"Cabbage, for forage (01919.04)",Italy (380),2012,0,M,-
Production (t) (5510),"Cabbage, for forage (01919.04)",Italy (380),2013,0,M,-
Production (t) (5510),"Cabbage, for forage (01919.04)",Italy (380),2014,0,M,-
Production (t) (5510),"Cabbage, for forage (01919.04)",Italy (380),2019,0,E,t
Production (t) (5510),"Cabbage, for forage (01919.04)",Italy (380),2020,0,E,t
Production (t) (5510),"Turnips, for forage (01919.05)",France (250),1990,89100,"",-
Production (t) (5510),"Turnips, for forage (01919.05)",France (250),1991,100200,"",-
Production (t) (5510),"Turnips, for forage (01919.05)",France (250),1992,92800,"",-
Production (t) (5510),"Turnips, for forage (01919.05)",France (250),1993,86855,"",-
Production (t) (5510),"Turnips, for forage (01919.05)",France (250),1994,71340,"",-
Production (t) (5510),"Turnips, for forage (01919.05)",France (250),1995,64820,"",-
Production (t) (5510),"Turnips, for forage (01919.05)",France (250),1996,62630,"",-
Production (t) (5510),"Turnips, for forage (01919.05)",France (250),1997,57265,"",-
Production (t) (5510),"Turnips, for forage (01919.05)",France (250),1998,56994,"",-
Production (t) (5510),"Turnips, for forage (01919.05)",France (250),1999,59740,"",-
Production (t) (5510),"Turnips, for forage (01919.05)",France (250),2000,55390,"",-
Production (t) (5510),"Turnips, for forage (01919.05)",France (250),2001,55800,"",-
Production (t) (5510),"Turnips, for forage (01919.05)",France (250),2002,127900,T,-
Production (t) (5510),"Turnips, for forage (01919.05)",France (250),2003,109000,T,-
Production (t) (5510),"Turnips, for forage (01919.05)",France (250),2004,168000,T,-
Production (t) (5510),"Turnips, for forage (01919.05)",France (250),2005,168000,T,-
Production (t) (5510),"Turnips, for forage (01919.05)",France (250),2006,151000,T,-
Production (t) (5510),"Turnips, for forage (01919.05)",France (250),2007,150000,E,f
Production (t) (5510),"Turnips, for forage (01919.05)",France (250),2008,150000,E,f
Production (t) (5510),"Turnips, for forage (01919.05)",France (250),2009,150000,E,f
Production (t) (5510),"Turnips, for forage (01919.05)",France (250),2010,150000,E,f
Production (t) (5510),"Turnips, for forage (01919.05)",France (250),2011,150000,E,f
Production (t) (5510),"Turnips, for forage (01919.05)",France (250),2012,150000,E,f
Production (t) (5510),"Turnips, for forage (01919.05)",France (250),2013,150000,E,f
Production (t) (5510),"Turnips, for forage (01919.05)",France (250),2014,150000,E,f
Production (t) (5510),"Turnips, for forage (01919.05)",France (250),2019,150000,E,t
Production (t) (5510),"Turnips, for forage (01919.05)",France (250),2020,150000,E,t
Production (t) (5510),"Turnips, for forage (01919.05)",Italy (380),1990,413000,"",-
Production (t) (5510),"Turnips, for forage (01919.05)",Italy (380),1991,407400,"",-
Production (t) (5510),"Turnips, for forage (01919.05)",Italy (380),1992,357100,"",-
Production (t) (5510),"Turnips, for forage (01919.05)",Italy (380),1993,261300,"",-
Production (t) (5510),"Turnips, for forage (01919.05)",Italy (380),1994,255100,"",-
Production (t) (5510),"Turnips, for forage (01919.05)",Italy (380),1995,242500,"",-
Production (t) (5510),"Turnips, for forage (01919.05)",Italy (380),1996,240000,E,f
Production (t) (5510),"Turnips, for forage (01919.05)",Italy (380),1997,240000,E,f
Production (t) (5510),"Turnips, for forage (01919.05)",Italy (380),1998,0,M,-
Production (t) (5510),"Turnips, for forage (01919.05)",Italy (380),1999,0,M,-
Production (t) (5510),"Turnips, for forage (01919.05)",Italy (380),2000,0,M,-
Production (t) (5510),"Turnips, for forage (01919.05)",Italy (380),2001,0,M,-
Production (t) (5510),"Turnips, for forage (01919.05)",Italy (380),2002,0,M,-
Production (t) (5510),"Turnips, for forage (01919.05)",Italy (380),2003,0,M,-
Production (t) (5510),"Turnips, for forage (01919.05)",Italy (380),2004,0,M,-
Production (t) (5510),"Turnips, for forage (01919.05)",Italy (380),2005,0,M,-
Production (t) (5510),"Turnips, for forage (01919.05)",Italy (380),2006,0,M,-
Production (t) (5510),"Turnips, for forage (01919.05)",Italy (380),2007,0,M,-
Production (t) (5510),"Turnips, for forage (01919.05)",Italy (380),2008,0,M,-
Production (t) (5510),"Turnips, for forage (01919.05)",Italy (380),2009,0,M,-
Production (t) (5510),"Turnips, for forage (01919.05)",Italy (380),2010,0,M,-
Production (t) (5510),"Turnips, for forage (01919.05)",Italy (380),2011,0,M,-
Production (t) (5510),"Turnips, for forage (01919.05)",Italy (380),2012,0,M,-
Production (t) (5510),"Turnips, for forage (01919.05)",Italy (380),2013,0,M,-
Production (t) (5510),"Turnips, for forage (01919.05)",Italy (380),2014,0,M,-
Production (t) (5510),"Turnips, for forage (01919.05)",Italy (380),2019,0,E,t
Production (t) (5510),"Turnips, for forage (01919.05)",Italy (380),2020,0,E,t
Production (t) (5510),"Beet, for forage (01919.06)",France (250),1990,2830300,"",-
Production (t) (5510),"Beet, for forage (01919.06)",France (250),1991,3113300,"",-
Production (t) (5510),"Beet, for forage (01919.06)",France (250),1992,3187200,"",-
Production (t) (5510),"Beet, for forage (01919.06)",France (250),1993,3012000,"",-
Production (t) (5510),"Beet, for forage (01919.06)",France (250),1994,2871800,"",-
Production (t) (5510),"Beet, for forage (01919.06)",France (250),1995,2466600,"",-
Production (t) (5510),"Beet, for forage (01919.06)",France (250),1996,2503300,"",-
Production (t) (5510),"Beet, for forage (01919.06)",France (250),1997,2536700,"",-
Production (t) (5510),"Beet, for forage (01919.06)",France (250),1998,2415860,"",-
Production (t) (5510),"Beet, for forage (01919.06)",France (250),1999,2397210,"",-
Production (t) (5510),"Beet, for forage (01919.06)",France (250),2000,2321685,"",-
Production (t) (5510),"Beet, for forage (01919.06)",France (250),2001,1388800,"",-
Production (t) (5510),"Beet, for forage (01919.06)",France (250),2002,1376707,"",-
Production (t) (5510),"Beet, for forage (01919.06)",France (250),2003,1211318,"",-
Production (t) (5510),"Beet, for forage (01919.06)",France (250),2004,1322082,"",-
Production (t) (5510),"Beet, for forage (01919.06)",France (250),2005,1265031,"",-
Production (t) (5510),"Beet, for forage (01919.06)",France (250),2006,1262200,"",-
Production (t) (5510),"Beet, for forage (01919.06)",France (250),2007,1246400,"",-
Production (t) (5510),"Beet, for forage (01919.06)",France (250),2008,1620000,E,f
Production (t) (5510),"Beet, for forage (01919.06)",France (250),2009,2e+06,E,f
Production (t) (5510),"Beet, for forage (01919.06)",France (250),2010,2791793,"",-
Production (t) (5510),"Beet, for forage (01919.06)",France (250),2011,3383991,"",-
Production (t) (5510),"Beet, for forage (01919.06)",France (250),2012,3400000,E,f
Production (t) (5510),"Beet, for forage (01919.06)",France (250),2013,3400000,E,f
Production (t) (5510),"Beet, for forage (01919.06)",France (250),2014,3400000,E,f
Production (t) (5510),"Beet, for forage (01919.06)",France (250),2016,1279872.5,"",q
Production (t) (5510),"Beet, for forage (01919.06)",France (250),2017,1677679.8,"",q
Production (t) (5510),"Beet, for forage (01919.06)",France (250),2018,1576774,"",q
Production (t) (5510),"Beet, for forage (01919.06)",France (250),2019,1576774,E,t
Production (t) (5510),"Beet, for forage (01919.06)",France (250),2020,1576774,E,t
Production (t) (5510),"Beet, for forage (01919.06)",Italy (380),1990,189400,"",-
Production (t) (5510),"Beet, for forage (01919.06)",Italy (380),1991,199500,"",-
Production (t) (5510),"Beet, for forage (01919.06)",Italy (380),1992,189100,"",-
Production (t) (5510),"Beet, for forage (01919.06)",Italy (380),1993,185500,"",-
Production (t) (5510),"Beet, for forage (01919.06)",Italy (380),1994,225600,"",-
Production (t) (5510),"Beet, for forage (01919.06)",Italy (380),1995,199500,"",-
Production (t) (5510),"Beet, for forage (01919.06)",Italy (380),1996,75000,"",-
Production (t) (5510),"Beet, for forage (01919.06)",Italy (380),1997,110000,"",-
Production (t) (5510),"Beet, for forage (01919.06)",Italy (380),1998,0,"",-
Production (t) (5510),"Beet, for forage (01919.06)",Italy (380),1999,0,"",-
Production (t) (5510),"Beet, for forage (01919.06)",Italy (380),2000,0,"",-
Production (t) (5510),"Beet, for forage (01919.06)",Italy (380),2001,0,"",-
Production (t) (5510),"Beet, for forage (01919.06)",Italy (380),2002,0,"",-
Production (t) (5510),"Beet, for forage (01919.06)",Italy (380),2003,0,"",-
Production (t) (5510),"Beet, for forage (01919.06)",Italy (380),2004,0,"",-
Production (t) (5510),"Beet, for forage (01919.06)",Italy (380),2005,0,E,t
Production (t) (5510),"Beet, for forage (01919.06)",Italy (380),2006,0,E,t
Production (t) (5510),"Beet, for forage (01919.06)",Italy (380),2007,0,E,t
Production (t) (5510),"Beet, for forage (01919.06)",Italy (380),2008,0,E,t
Production (t) (5510),"Beet, for forage (01919.06)",Italy (380),2009,0,E,t
Production (t) (5510),"Beet, for forage (01919.06)",Italy (380),2019,0,E,t
Production (t) (5510),"Beet, for forage (01919.06)",Italy (380),2020,0,E,t
Production (t) (5510),"Carrots, for forage (01919.07)",France (250),1990,0,"",-
Production (t) (5510),"Carrots, for forage (01919.07)",France (250),1991,0,"",-
Production (t) (5510),"Carrots, for forage (01919.07)",France (250),1992,0,"",-
Production (t) (5510),"Carrots, for forage (01919.07)",France (250),1993,0,"",-
Production (t) (5510),"Carrots, for forage (01919.07)",France (250),1994,0,"",-
Production (t) (5510),"Carrots, for forage (01919.07)",France (250),1995,0,"",-
Production (t) (5510),"Carrots, for forage (01919.07)",France (250),1996,0,"",-
Production (t) (5510),"Carrots, for forage (01919.07)",France (250),1997,0,"",-
Production (t) (5510),"Carrots, for forage (01919.07)",France (250),1998,0,"",-
Production (t) (5510),"Carrots, for forage (01919.07)",France (250),1999,0,"",-
Production (t) (5510),"Carrots, for forage (01919.07)",France (250),2000,0,"",-
Production (t) (5510),"Carrots, for forage (01919.07)",France (250),2001,0,"",-
Production (t) (5510),"Carrots, for forage (01919.07)",France (250),2002,0,"",-
Production (t) (5510),"Carrots, for forage (01919.07)",France (250),2003,0,"",-
Production (t) (5510),"Carrots, for forage (01919.07)",France (250),2004,0,"",-
Production (t) (5510),"Carrots, for forage (01919.07)",France (250),2005,0,E,f
Production (t) (5510),"Carrots, for forage (01919.07)",France (250),2006,0,E,t
Production (t) (5510),"Carrots, for forage (01919.07)",France (250),2007,0,E,t
Production (t) (5510),"Carrots, for forage (01919.07)",France (250),2008,0,E,t
Production (t) (5510),"Carrots, for forage (01919.07)",France (250),2009,0,E,t
Production (t) (5510),"Carrots, for forage (01919.07)",France (250),2019,0,E,t
Production (t) (5510),"Carrots, for forage (01919.07)",France (250),2020,0,E,t
Production (t) (5510),"Carrots, for forage (01919.07)",Italy (380),1990,0,E,f
Production (t) (5510),"Carrots, for forage (01919.07)",Italy (380),1991,0,M,-
Production (t) (5510),"Carrots, for forage (01919.07)",Italy (380),1992,0,M,-
Production (t) (5510),"Carrots, for forage (01919.07)",Italy (380),1993,0,M,-
Production (t) (5510),"Carrots, for forage (01919.07)",Italy (380),1994,0,M,-
Production (t) (5510),"Carrots, for forage (01919.07)",Italy (380),1995,0,"",-
Production (t) (5510),"Carrots, for forage (01919.07)",Italy (380),1996,0,M,-
Production (t) (5510),"Carrots, for forage (01919.07)",Italy (380),1997,0,M,-
Production (t) (5510),"Carrots, for forage (01919.07)",Italy (380),1998,0,M,-
Production (t) (5510),"Carrots, for forage (01919.07)",Italy (380),1999,0,M,-
Production (t) (5510),"Carrots, for forage (01919.07)",Italy (380),2000,0,M,-
Production (t) (5510),"Carrots, for forage (01919.07)",Italy (380),2001,0,M,-
Production (t) (5510),"Carrots, for forage (01919.07)",Italy (380),2002,0,M,-
Production (t) (5510),"Carrots, for forage (01919.07)",Italy (380),2003,0,M,-
Production (t) (5510),"Carrots, for forage (01919.07)",Italy (380),2004,0,M,-
Production (t) (5510),"Carrots, for forage (01919.07)",Italy (380),2005,0,M,-
Production (t) (5510),"Carrots, for forage (01919.07)",Italy (380),2006,0,M,-
Production (t) (5510),"Carrots, for forage (01919.07)",Italy (380),2007,0,M,-
Production (t) (5510),"Carrots, for forage (01919.07)",Italy (380),2008,0,M,-
Production (t) (5510),"Carrots, for forage (01919.07)",Italy (380),2009,0,M,-
Production (t) (5510),"Carrots, for forage (01919.07)",Italy (380),2010,0,M,-
Production (t) (5510),"Carrots, for forage (01919.07)",Italy (380),2011,0,M,-
Production (t) (5510),"Carrots, for forage (01919.07)",Italy (380),2012,0,M,-
Production (t) (5510),"Carrots, for forage (01919.07)",Italy (380),2013,0,M,-
Production (t) (5510),"Carrots, for forage (01919.07)",Italy (380),2014,0,M,-
Production (t) (5510),"Carrots, for forage (01919.07)",Italy (380),2019,0,E,t
Production (t) (5510),"Carrots, for forage (01919.07)",Italy (380),2020,0,E,t
Production (t) (5510),"Swedes, for forage (01919.08)",France (250),1990,0,"",-
Production (t) (5510),"Swedes, for forage (01919.08)",France (250),1991,0,"",-
Production (t) (5510),"Swedes, for forage (01919.08)",France (250),1992,0,"",-
Production (t) (5510),"Swedes, for forage (01919.08)",France (250),1993,0,"",-
Production (t) (5510),"Swedes, for forage (01919.08)",France (250),1994,0,"",-
Production (t) (5510),"Swedes, for forage (01919.08)",France (250),1995,0,"",-
Production (t) (5510),"Swedes, for forage (01919.08)",France (250),1996,0,"",-
Production (t) (5510),"Swedes, for forage (01919.08)",France (250),1997,0,"",-
Production (t) (5510),"Swedes, for forage (01919.08)",France (250),1998,0,"",-
Production (t) (5510),"Swedes, for forage (01919.08)",France (250),1999,0,"",-
Production (t) (5510),"Swedes, for forage (01919.08)",France (250),2000,0,"",-
Production (t) (5510),"Swedes, for forage (01919.08)",France (250),2001,0,"",-
Production (t) (5510),"Swedes, for forage (01919.08)",France (250),2002,0,"",-
Production (t) (5510),"Swedes, for forage (01919.08)",France (250),2003,0,"",-
Production (t) (5510),"Swedes, for forage (01919.08)",France (250),2004,0,"",-
Production (t) (5510),"Swedes, for forage (01919.08)",France (250),2005,0,E,f
Production (t) (5510),"Swedes, for forage (01919.08)",France (250),2006,0,E,t
Production (t) (5510),"Swedes, for forage (01919.08)",France (250),2007,0,E,t
Production (t) (5510),"Swedes, for forage (01919.08)",France (250),2008,0,E,t
Production (t) (5510),"Swedes, for forage (01919.08)",France (250),2009,0,E,t
Production (t) (5510),"Swedes, for forage (01919.08)",France (250),2019,0,E,t
Production (t) (5510),"Swedes, for forage (01919.08)",France (250),2020,0,E,t
Production (t) (5510),"Swedes, for forage (01919.08)",Italy (380),1990,0,E,f
Production (t) (5510),"Swedes, for forage (01919.08)",Italy (380),1991,0,M,-
Production (t) (5510),"Swedes, for forage (01919.08)",Italy (380),1992,0,M,-
Production (t) (5510),"Swedes, for forage (01919.08)",Italy (380),1993,0,M,-
Production (t) (5510),"Swedes, for forage (01919.08)",Italy (380),1994,0,M,-
Production (t) (5510),"Swedes, for forage (01919.08)",Italy (380),1995,0,"",-
Production (t) (5510),"Swedes, for forage (01919.08)",Italy (380),1996,0,M,-
Production (t) (5510),"Swedes, for forage (01919.08)",Italy (380),1997,0,M,-
Production (t) (5510),"Swedes, for forage (01919.08)",Italy (380),1998,0,M,-
Production (t) (5510),"Swedes, for forage (01919.08)",Italy (380),1999,0,M,-
Production (t) (5510),"Swedes, for forage (01919.08)",Italy (380),2000,0,M,-
Production (t) (5510),"Swedes, for forage (01919.08)",Italy (380),2001,0,M,-
Production (t) (5510),"Swedes, for forage (01919.08)",Italy (380),2002,0,M,-
Production (t) (5510),"Swedes, for forage (01919.08)",Italy (380),2003,0,M,-
Production (t) (5510),"Swedes, for forage (01919.08)",Italy (380),2004,0,M,-
Production (t) (5510),"Swedes, for forage (01919.08)",Italy (380),2005,0,M,-
Production (t) (5510),"Swedes, for forage (01919.08)",Italy (380),2006,0,M,-
Production (t) (5510),"Swedes, for forage (01919.08)",Italy (380),2007,0,M,-
Production (t) (5510),"Swedes, for forage (01919.08)",Italy (380),2008,0,M,-
Production (t) (5510),"Swedes, for forage (01919.08)",Italy (380),2009,0,M,-
Production (t) (5510),"Swedes, for forage (01919.08)",Italy (380),2010,0,M,-
Production (t) (5510),"Swedes, for forage (01919.08)",Italy (380),2011,0,M,-
Production (t) (5510),"Swedes, for forage (01919.08)",Italy (380),2012,0,M,-
Production (t) (5510),"Swedes, for forage (01919.08)",Italy (380),2013,0,M,-
Production (t) (5510),"Swedes, for forage (01919.08)",Italy (380),2014,0,M,-
Production (t) (5510),"Swedes, for forage (01919.08)",Italy (380),2019,0,E,t
Production (t) (5510),"Swedes, for forage (01919.08)",Italy (380),2020,0,E,t
Production (t) (5510),"Other grasses, for forage (01919.91)",France (250),1990,9545000,T,-
Production (t) (5510),"Other grasses, for forage (01919.91)",France (250),1991,12550000,T,-
Production (t) (5510),"Other grasses, for forage (01919.91)",France (250),1992,16040000,T,-
Production (t) (5510),"Other grasses, for forage (01919.91)",France (250),1993,18230000,T,-
Production (t) (5510),"Other grasses, for forage (01919.91)",France (250),1994,17545000,T,-
Production (t) (5510),"Other grasses, for forage (01919.91)",France (250),1995,16155000,T,-
Production (t) (5510),"Other grasses, for forage (01919.91)",France (250),1996,15375000,T,-
Production (t) (5510),"Other grasses, for forage (01919.91)",France (250),1997,17400000,T,-
Production (t) (5510),"Other grasses, for forage (01919.91)",France (250),1998,20224000,T,-
Production (t) (5510),"Other grasses, for forage (01919.91)",France (250),1999,21216000,T,-
Production (t) (5510),"Other grasses, for forage (01919.91)",France (250),2000,16731000,T,-
Production (t) (5510),"Other grasses, for forage (01919.91)",France (250),2001,16084550,T,-
Production (t) (5510),"Other grasses, for forage (01919.91)",France (250),2002,16254000,T,-
Production (t) (5510),"Other grasses, for forage (01919.91)",France (250),2003,11859800,T,-
Production (t) (5510),"Other grasses, for forage (01919.91)",France (250),2004,15992000,T,-
Production (t) (5510),"Other grasses, for forage (01919.91)",France (250),2005,12672100,T,-
Production (t) (5510),"Other grasses, for forage (01919.91)",France (250),2006,12700000,E,f
Production (t) (5510),"Other grasses, for forage (01919.91)",France (250),2007,1.3e+07,E,f
Production (t) (5510),"Other grasses, for forage (01919.91)",France (250),2008,1.3e+07,E,f
Production (t) (5510),"Other grasses, for forage (01919.91)",France (250),2009,1.3e+07,E,f
Production (t) (5510),"Other grasses, for forage (01919.91)",France (250),2010,1.3e+07,E,f
Production (t) (5510),"Other grasses, for forage (01919.91)",France (250),2011,1.3e+07,E,f
Production (t) (5510),"Other grasses, for forage (01919.91)",France (250),2012,1.3e+07,E,f
Production (t) (5510),"Other grasses, for forage (01919.91)",France (250),2013,1.3e+07,E,f
Production (t) (5510),"Other grasses, for forage (01919.91)",France (250),2014,1.3e+07,E,f
Production (t) (5510),"Other grasses, for forage (01919.91)",France (250),2019,1.3e+07,E,t
Production (t) (5510),"Other grasses, for forage (01919.91)",France (250),2020,1.3e+07,E,t
Production (t) (5510),"Other grasses, for forage (01919.91)",Italy (380),1990,2395000,"",-
Production (t) (5510),"Other grasses, for forage (01919.91)",Italy (380),1991,2434800,"",-
Production (t) (5510),"Other grasses, for forage (01919.91)",Italy (380),1992,2658200,"",-
Production (t) (5510),"Other grasses, for forage (01919.91)",Italy (380),1993,2579500,"",-
Production (t) (5510),"Other grasses, for forage (01919.91)",Italy (380),1994,3810200,"",-
Production (t) (5510),"Other grasses, for forage (01919.91)",Italy (380),1995,1983300,"",-
Production (t) (5510),"Other grasses, for forage (01919.91)",Italy (380),1996,2293100,"",-
Production (t) (5510),"Other grasses, for forage (01919.91)",Italy (380),1997,2434100,"",-
Production (t) (5510),"Other grasses, for forage (01919.91)",Italy (380),1998,8536900,"",-
Production (t) (5510),"Other grasses, for forage (01919.91)",Italy (380),1999,8561300,"",-
Production (t) (5510),"Other grasses, for forage (01919.91)",Italy (380),2000,8118500,"",-
Production (t) (5510),"Other grasses, for forage (01919.91)",Italy (380),2001,8140700,"",-
Production (t) (5510),"Other grasses, for forage (01919.91)",Italy (380),2002,7363200,"",-
Production (t) (5510),"Other grasses, for forage (01919.91)",Italy (380),2003,6730400,"",-
Production (t) (5510),"Other grasses, for forage (01919.91)",Italy (380),2004,7316500,"",-
Production (t) (5510),"Other grasses, for forage (01919.91)",Italy (380),2005,7674000,"",-
Production (t) (5510),"Other grasses, for forage (01919.91)",Italy (380),2006,7227600,"",-
Production (t) (5510),"Other grasses, for forage (01919.91)",Italy (380),2007,6976900,"",-
Production (t) (5510),"Other grasses, for forage (01919.91)",Italy (380),2008,5462000,"",-
Production (t) (5510),"Other grasses, for forage (01919.91)",Italy (380),2009,5482400,"",-
Production (t) (5510),"Other grasses, for forage (01919.91)",Italy (380),2010,5246100,"",-
Production (t) (5510),"Other grasses, for forage (01919.91)",Italy (380),2011,5245100,"",-
Production (t) (5510),"Other grasses, for forage (01919.91)",Italy (380),2012,5867000,"",-
Production (t) (5510),"Other grasses, for forage (01919.91)",Italy (380),2013,4612000,"",-
Production (t) (5510),"Other grasses, for forage (01919.91)",Italy (380),2014,5629000,"",p
Production (t) (5510),"Other grasses, for forage (01919.91)",Italy (380),2015,4533000,"",p
Production (t) (5510),"Other grasses, for forage (01919.91)",Italy (380),2016,5267100,"",p
Production (t) (5510),"Other grasses, for forage (01919.91)",Italy (380),2017,4309400,"",p
Production (t) (5510),"Other grasses, for forage (01919.91)",Italy (380),2018,5714900,"",p
Production (t) (5510),"Other grasses, for forage (01919.91)",Italy (380),2019,5714900,E,t
Production (t) (5510),"Other grasses, for forage (01919.91)",Italy (380),2020,5714900,E,t
Production (t) (5510),"Other legumes, for forage (01919.92)",France (250),1990,1415000,T,-
Production (t) (5510),"Other legumes, for forage (01919.92)",France (250),1991,1700000,T,-
Production (t) (5510),"Other legumes, for forage (01919.92)",France (250),1992,1670000,T,-
Production (t) (5510),"Other legumes, for forage (01919.92)",France (250),1993,1794000,T,-
Production (t) (5510),"Other legumes, for forage (01919.92)",France (250),1994,1762000,T,-
Production (t) (5510),"Other legumes, for forage (01919.92)",France (250),1995,1576000,T,-
Production (t) (5510),"Other legumes, for forage (01919.92)",France (250),1996,1271000,T,-
Production (t) (5510),"Other legumes, for forage (01919.92)",France (250),1997,1185000,T,-
Production (t) (5510),"Other legumes, for forage (01919.92)",France (250),1998,1244000,T,-
Production (t) (5510),"Other legumes, for forage (01919.92)",France (250),1999,1354000,T,-
Production (t) (5510),"Other legumes, for forage (01919.92)",France (250),2000,1360000,T,-
Production (t) (5510),"Other legumes, for forage (01919.92)",France (250),2001,1204800,T,-
Production (t) (5510),"Other legumes, for forage (01919.92)",France (250),2002,1154200,T,-
Production (t) (5510),"Other legumes, for forage (01919.92)",France (250),2003,785100,T,-
Production (t) (5510),"Other legumes, for forage (01919.92)",France (250),2004,1098600,T,-
Production (t) (5510),"Other legumes, for forage (01919.92)",France (250),2005,980000,T,-
Production (t) (5510),"Other legumes, for forage (01919.92)",France (250),2006,980000,E,f
Production (t) (5510),"Other legumes, for forage (01919.92)",France (250),2007,980000,E,f
Production (t) (5510),"Other legumes, for forage (01919.92)",France (250),2008,980000,E,f
Production (t) (5510),"Other legumes, for forage (01919.92)",France (250),2009,980000,E,f
Production (t) (5510),"Other legumes, for forage (01919.92)",France (250),2010,980000,E,f
Production (t) (5510),"Other legumes, for forage (01919.92)",France (250),2011,980000,E,f
Production (t) (5510),"Other legumes, for forage (01919.92)",France (250),2012,980000,E,f
Production (t) (5510),"Other legumes, for forage (01919.92)",France (250),2013,980000,E,f
Production (t) (5510),"Other legumes, for forage (01919.92)",France (250),2014,980000,E,f
Production (t) (5510),"Other legumes, for forage (01919.92)",France (250),2019,980000,E,t
Production (t) (5510),"Other legumes, for forage (01919.92)",France (250),2020,980000,E,t
Production (t) (5510),"Other legumes, for forage (01919.92)",Italy (380),1990,11931900,"",-
Production (t) (5510),"Other legumes, for forage (01919.92)",Italy (380),1991,14130000,"",-
Production (t) (5510),"Other legumes, for forage (01919.92)",Italy (380),1992,13473700,"",-
Production (t) (5510),"Other legumes, for forage (01919.92)",Italy (380),1993,12663100,"",-
Production (t) (5510),"Other legumes, for forage (01919.92)",Italy (380),1994,12501600,"",-
Production (t) (5510),"Other legumes, for forage (01919.92)",Italy (380),1995,3211000,"",-
Production (t) (5510),"Other legumes, for forage (01919.92)",Italy (380),1996,11347100,"",-
Production (t) (5510),"Other legumes, for forage (01919.92)",Italy (380),1997,10805300,"",-
Production (t) (5510),"Other legumes, for forage (01919.92)",Italy (380),1998,5262100,"",-
Production (t) (5510),"Other legumes, for forage (01919.92)",Italy (380),1999,5401800,"",-
Production (t) (5510),"Other legumes, for forage (01919.92)",Italy (380),2000,5312600,"",-
Production (t) (5510),"Other legumes, for forage (01919.92)",Italy (380),2001,4723400,"",-
Production (t) (5510),"Other legumes, for forage (01919.92)",Italy (380),2002,4773000,"",-
Production (t) (5510),"Other legumes, for forage (01919.92)",Italy (380),2003,4740540,"",-
Production (t) (5510),"Other legumes, for forage (01919.92)",Italy (380),2004,5190100,"",-
Production (t) (5510),"Other legumes, for forage (01919.92)",Italy (380),2005,5422300,"",-
Production (t) (5510),"Other legumes, for forage (01919.92)",Italy (380),2006,5300000,E,f
Production (t) (5510),"Other legumes, for forage (01919.92)",Italy (380),2007,5300000,E,f
Production (t) (5510),"Other legumes, for forage (01919.92)",Italy (380),2008,5400000,E,f
Production (t) (5510),"Other legumes, for forage (01919.92)",Italy (380),2009,5400000,E,f
Production (t) (5510),"Other legumes, for forage (01919.92)",Italy (380),2010,5400000,E,f
Production (t) (5510),"Other legumes, for forage (01919.92)",Italy (380),2011,5400000,E,f
Production (t) (5510),"Other legumes, for forage (01919.92)",Italy (380),2012,5500000,E,f
Production (t) (5510),"Other legumes, for forage (01919.92)",Italy (380),2013,5600000,E,f
Production (t) (5510),"Other legumes, for forage (01919.92)",Italy (380),2019,5600000,E,t
Production (t) (5510),"Other legumes, for forage (01919.92)",Italy (380),2020,5600000,E,t
Production (t) (5510),"Mixed grass and legumes, for forage (01919.93)",France (250),1990,41035000,T,-
Production (t) (5510),"Mixed grass and legumes, for forage (01919.93)",France (250),1991,43571000,T,-
Production (t) (5510),"Mixed grass and legumes, for forage (01919.93)",France (250),1992,49952000,T,-
Production (t) (5510),"Mixed grass and legumes, for forage (01919.93)",France (250),1993,50415000,T,-
Production (t) (5510),"Mixed grass and legumes, for forage (01919.93)",France (250),1994,50416000,T,-
Production (t) (5510),"Mixed grass and legumes, for forage (01919.93)",France (250),1995,41966000,T,-
Production (t) (5510),"Mixed grass and legumes, for forage (01919.93)",France (250),1996,39258000,T,-
Production (t) (5510),"Mixed grass and legumes, for forage (01919.93)",France (250),1997,40133000,T,-
Production (t) (5510),"Mixed grass and legumes, for forage (01919.93)",France (250),1998,44283000,T,-
Production (t) (5510),"Mixed grass and legumes, for forage (01919.93)",France (250),1999,49165000,T,-
Production (t) (5510),"Mixed grass and legumes, for forage (01919.93)",France (250),2000,49200000,T,-
Production (t) (5510),"Mixed grass and legumes, for forage (01919.93)",France (250),2001,62991552,T,-
Production (t) (5510),"Mixed grass and legumes, for forage (01919.93)",France (250),2002,62219000,T,-
Production (t) (5510),"Mixed grass and legumes, for forage (01919.93)",France (250),2003,40060700,T,-
Production (t) (5510),"Mixed grass and legumes, for forage (01919.93)",France (250),2004,65245000,T,-
Production (t) (5510),"Mixed grass and legumes, for forage (01919.93)",France (250),2005,54427100,T,-
Production (t) (5510),"Mixed grass and legumes, for forage (01919.93)",France (250),2006,5.4e+07,E,f
Production (t) (5510),"Mixed grass and legumes, for forage (01919.93)",France (250),2007,54400000,E,f
Production (t) (5510),"Mixed grass and legumes, for forage (01919.93)",France (250),2008,54400000,E,f
Production (t) (5510),"Mixed grass and legumes, for forage (01919.93)",France (250),2009,54400000,E,f
Production (t) (5510),"Mixed grass and legumes, for forage (01919.93)",France (250),2010,54400000,E,f
Production (t) (5510),"Mixed grass and legumes, for forage (01919.93)",France (250),2011,54400000,E,f
Production (t) (5510),"Mixed grass and legumes, for forage (01919.93)",France (250),2012,54400000,E,f
Production (t) (5510),"Mixed grass and legumes, for forage (01919.93)",France (250),2013,54400000,E,f
Production (t) (5510),"Mixed grass and legumes, for forage (01919.93)",France (250),2014,54400000,E,f
Production (t) (5510),"Mixed grass and legumes, for forage (01919.93)",France (250),2019,54400000,E,t
Production (t) (5510),"Mixed grass and legumes, for forage (01919.93)",France (250),2020,54400000,E,t
Production (t) (5510),"Mixed grass and legumes, for forage (01919.93)",Italy (380),1990,0,M,-
Production (t) (5510),"Mixed grass and legumes, for forage (01919.93)",Italy (380),1991,0,M,-
Production (t) (5510),"Mixed grass and legumes, for forage (01919.93)",Italy (380),1992,0,M,-
Production (t) (5510),"Mixed grass and legumes, for forage (01919.93)",Italy (380),1993,0,M,-
Production (t) (5510),"Mixed grass and legumes, for forage (01919.93)",Italy (380),1994,0,M,-
Production (t) (5510),"Mixed grass and legumes, for forage (01919.93)",Italy (380),1995,6950600,"",-
Production (t) (5510),"Mixed grass and legumes, for forage (01919.93)",Italy (380),1996,0,M,-
Production (t) (5510),"Mixed grass and legumes, for forage (01919.93)",Italy (380),1997,0,"",-
Production (t) (5510),"Mixed grass and legumes, for forage (01919.93)",Italy (380),1998,11154700,"",-
Production (t) (5510),"Mixed grass and legumes, for forage (01919.93)",Italy (380),1999,11105000,"",-
Production (t) (5510),"Mixed grass and legumes, for forage (01919.93)",Italy (380),2000,10401400,"",-
Production (t) (5510),"Mixed grass and legumes, for forage (01919.93)",Italy (380),2001,10751700,"",-
Production (t) (5510),"Mixed grass and legumes, for forage (01919.93)",Italy (380),2002,9173400,"",-
Production (t) (5510),"Mixed grass and legumes, for forage (01919.93)",Italy (380),2003,9450000,"",-
Production (t) (5510),"Mixed grass and legumes, for forage (01919.93)",Italy (380),2004,9500000,E,f
Production (t) (5510),"Mixed grass and legumes, for forage (01919.93)",Italy (380),2005,1e+07,E,f
Production (t) (5510),"Mixed grass and legumes, for forage (01919.93)",Italy (380),2006,1e+07,E,f
Production (t) (5510),"Mixed grass and legumes, for forage (01919.93)",Italy (380),2007,1e+07,E,f
Production (t) (5510),"Mixed grass and legumes, for forage (01919.93)",Italy (380),2008,10034500,E,f
Production (t) (5510),"Mixed grass and legumes, for forage (01919.93)",Italy (380),2009,10034500,E,f
Production (t) (5510),"Mixed grass and legumes, for forage (01919.93)",Italy (380),2010,10034500,E,f
Production (t) (5510),"Mixed grass and legumes, for forage (01919.93)",Italy (380),2011,10034500,E,f
Production (t) (5510),"Mixed grass and legumes, for forage (01919.93)",Italy (380),2012,10085000,E,f
Production (t) (5510),"Mixed grass and legumes, for forage (01919.93)",Italy (380),2013,10085000,E,f
Production (t) (5510),"Mixed grass and legumes, for forage (01919.93)",Italy (380),2019,10085000,E,t
Production (t) (5510),"Mixed grass and legumes, for forage (01919.93)",Italy (380),2020,10085000,E,t
Production (t) (5510),"Other oilseeds, for forage (01919.94)",France (250),1990,1024000,T,-
Production (t) (5510),"Other oilseeds, for forage (01919.94)",France (250),1991,1570000,T,-
Production (t) (5510),"Other oilseeds, for forage (01919.94)",France (250),1992,1630000,T,-
Production (t) (5510),"Other oilseeds, for forage (01919.94)",France (250),1993,1574000,T,-
Production (t) (5510),"Other oilseeds, for forage (01919.94)",France (250),1994,1470000,T,-
Production (t) (5510),"Other oilseeds, for forage (01919.94)",France (250),1995,1515000,T,-
Production (t) (5510),"Other oilseeds, for forage (01919.94)",France (250),1996,1090000,T,-
Production (t) (5510),"Other oilseeds, for forage (01919.94)",France (250),1997,1365000,T,-
Production (t) (5510),"Other oilseeds, for forage (01919.94)",France (250),1998,1239000,T,-
Production (t) (5510),"Other oilseeds, for forage (01919.94)",France (250),1999,1280000,T,-
Production (t) (5510),"Other oilseeds, for forage (01919.94)",France (250),2000,1239000,T,-
Production (t) (5510),"Other oilseeds, for forage (01919.94)",France (250),2001,1195200,T,-
Production (t) (5510),"Other oilseeds, for forage (01919.94)",France (250),2002,1108300,T,-
Production (t) (5510),"Other oilseeds, for forage (01919.94)",France (250),2003,1056580,T,-
Production (t) (5510),"Other oilseeds, for forage (01919.94)",France (250),2004,1147150,T,-
Production (t) (5510),"Other oilseeds, for forage (01919.94)",France (250),2005,1043180,T,-
Production (t) (5510),"Other oilseeds, for forage (01919.94)",France (250),2006,1e+06,E,f
Production (t) (5510),"Other oilseeds, for forage (01919.94)",France (250),2007,1e+06,E,f
Production (t) (5510),"Other oilseeds, for forage (01919.94)",France (250),2008,1058000,E,f
Production (t) (5510),"Other oilseeds, for forage (01919.94)",France (250),2009,1100000,E,f
Production (t) (5510),"Other oilseeds, for forage (01919.94)",France (250),2010,1150000,E,f
Production (t) (5510),"Other oilseeds, for forage (01919.94)",France (250),2011,1150000,E,f
Production (t) (5510),"Other oilseeds, for forage (01919.94)",France (250),2012,1120000,E,f
Production (t) (5510),"Other oilseeds, for forage (01919.94)",France (250),2013,1120000,E,f
Production (t) (5510),"Other oilseeds, for forage (01919.94)",France (250),2014,1120000,E,f
Production (t) (5510),"Other oilseeds, for forage (01919.94)",France (250),2019,1120000,E,t
Production (t) (5510),"Other oilseeds, for forage (01919.94)",France (250),2020,1120000,E,t
Production (t) (5510),"Other oilseeds, for forage (01919.94)",Italy (380),1990,190000,E,f
Production (t) (5510),"Other oilseeds, for forage (01919.94)",Italy (380),1991,2e+05,E,f
Production (t) (5510),"Other oilseeds, for forage (01919.94)",Italy (380),1992,210000,E,f
Production (t) (5510),"Other oilseeds, for forage (01919.94)",Italy (380),1993,220000,E,f
Production (t) (5510),"Other oilseeds, for forage (01919.94)",Italy (380),1994,240000,E,f
Production (t) (5510),"Other oilseeds, for forage (01919.94)",Italy (380),1995,273000,"",-
Production (t) (5510),"Other oilseeds, for forage (01919.94)",Italy (380),1996,0,M,-
Production (t) (5510),"Other oilseeds, for forage (01919.94)",Italy (380),1997,0,M,-
Production (t) (5510),"Other oilseeds, for forage (01919.94)",Italy (380),1998,0,M,-
Production (t) (5510),"Other oilseeds, for forage (01919.94)",Italy (380),1999,0,M,-
Production (t) (5510),"Other oilseeds, for forage (01919.94)",Italy (380),2000,0,M,-
Production (t) (5510),"Other oilseeds, for forage (01919.94)",Italy (380),2001,0,M,-
Production (t) (5510),"Other oilseeds, for forage (01919.94)",Italy (380),2002,0,M,-
Production (t) (5510),"Other oilseeds, for forage (01919.94)",Italy (380),2003,0,M,-
Production (t) (5510),"Other oilseeds, for forage (01919.94)",Italy (380),2004,0,M,-
Production (t) (5510),"Other oilseeds, for forage (01919.94)",Italy (380),2005,0,M,-
Production (t) (5510),"Other oilseeds, for forage (01919.94)",Italy (380),2006,0,M,-
Production (t) (5510),"Other oilseeds, for forage (01919.94)",Italy (380),2007,0,M,-
Production (t) (5510),"Other oilseeds, for forage (01919.94)",Italy (380),2008,0,M,-
Production (t) (5510),"Other oilseeds, for forage (01919.94)",Italy (380),2009,0,M,-
Production (t) (5510),"Other oilseeds, for forage (01919.94)",Italy (380),2010,0,M,-
Production (t) (5510),"Other oilseeds, for forage (01919.94)",Italy (380),2011,0,M,-
Production (t) (5510),"Other oilseeds, for forage (01919.94)",Italy (380),2012,0,M,-
Production (t) (5510),"Other oilseeds, for forage (01919.94)",Italy (380),2013,0,M,-
Production (t) (5510),"Other oilseeds, for forage (01919.94)",Italy (380),2014,0,M,-
Production (t) (5510),"Other oilseeds, for forage (01919.94)",Italy (380),2019,0,E,t
Production (t) (5510),"Other oilseeds, for forage (01919.94)",Italy (380),2020,0,E,t
Production (t) (5510),"Other forage crops, n.e.c. (01919.95)",France (250),1990,85400,"",-
Production (t) (5510),"Other forage crops, n.e.c. (01919.95)",France (250),1991,88100,"",-
Production (t) (5510),"Other forage crops, n.e.c. (01919.95)",France (250),1992,86200,"",-
Production (t) (5510),"Other forage crops, n.e.c. (01919.95)",France (250),1993,73756,"",-
Production (t) (5510),"Other forage crops, n.e.c. (01919.95)",France (250),1994,66853,"",-
Production (t) (5510),"Other forage crops, n.e.c. (01919.95)",France (250),1995,63303,"",-
Production (t) (5510),"Other forage crops, n.e.c. (01919.95)",France (250),1996,57780,"",-
Production (t) (5510),"Other forage crops, n.e.c. (01919.95)",France (250),1997,42977,"",-
Production (t) (5510),"Other forage crops, n.e.c. (01919.95)",France (250),1998,40836,"",-
Production (t) (5510),"Other forage crops, n.e.c. (01919.95)",France (250),1999,38892,"",-
Production (t) (5510),"Other forage crops, n.e.c. (01919.95)",France (250),2000,35278,"",-
Production (t) (5510),"Other forage crops, n.e.c. (01919.95)",France (250),2001,20717,"",-
Production (t) (5510),"Other forage crops, n.e.c. (01919.95)",France (250),2002,18767,"",-
Production (t) (5510),"Other forage crops, n.e.c. (01919.95)",France (250),2003,13514,"",-
Production (t) (5510),"Other forage crops, n.e.c. (01919.95)",France (250),2004,17146,"",-
Production (t) (5510),"Other forage crops, n.e.c. (01919.95)",France (250),2005,17116,"",-
Production (t) (5510),"Other forage crops, n.e.c. (01919.95)",France (250),2006,17000,E,f
Production (t) (5510),"Other forage crops, n.e.c. (01919.95)",France (250),2007,17000,E,f
Production (t) (5510),"Other forage crops, n.e.c. (01919.95)",France (250),2008,17000,E,f
Production (t) (5510),"Other forage crops, n.e.c. (01919.95)",France (250),2009,17000,E,f
Production (t) (5510),"Other forage crops, n.e.c. (01919.95)",France (250),2010,17000,E,f
Production (t) (5510),"Other forage crops, n.e.c. (01919.95)",France (250),2011,17000,E,f
Production (t) (5510),"Other forage crops, n.e.c. (01919.95)",France (250),2012,18000,E,f
Production (t) (5510),"Other forage crops, n.e.c. (01919.95)",France (250),2013,18000,E,f
Production (t) (5510),"Other forage crops, n.e.c. (01919.95)",France (250),2014,18000,E,f
Production (t) (5510),"Other forage crops, n.e.c. (01919.95)",France (250),2019,18000,E,t
Production (t) (5510),"Other forage crops, n.e.c. (01919.95)",France (250),2020,18000,E,t
Production (t) (5510),"Other forage products, n.e.c. (01919.96)",Italy (380),1990,0,M,-
Production (t) (5510),"Other forage products, n.e.c. (01919.96)",Italy (380),1991,0,M,-
Production (t) (5510),"Other forage products, n.e.c. (01919.96)",Italy (380),1992,0,M,-
Production (t) (5510),"Other forage products, n.e.c. (01919.96)",Italy (380),1993,0,"",-
Production (t) (5510),"Other forage products, n.e.c. (01919.96)",Italy (380),1994,0,"",-
Production (t) (5510),"Other forage products, n.e.c. (01919.96)",Italy (380),1995,9555000,"",-
Production (t) (5510),"Other forage products, n.e.c. (01919.96)",Italy (380),1996,9400000,E,f
Production (t) (5510),"Other forage products, n.e.c. (01919.96)",Italy (380),1997,9300000,E,f
Production (t) (5510),"Other forage products, n.e.c. (01919.96)",Italy (380),1998,9200000,E,f
Production (t) (5510),"Other forage products, n.e.c. (01919.96)",Italy (380),1999,9e+06,E,f
Production (t) (5510),"Other forage products, n.e.c. (01919.96)",Italy (380),2000,9e+06,E,f
Production (t) (5510),"Other forage products, n.e.c. (01919.96)",Italy (380),2001,9e+06,E,f
Production (t) (5510),"Other forage products, n.e.c. (01919.96)",Italy (380),2002,9e+06,E,f
Production (t) (5510),"Other forage products, n.e.c. (01919.96)",Italy (380),2003,9e+06,E,f
Production (t) (5510),"Other forage products, n.e.c. (01919.96)",Italy (380),2004,9e+06,E,f
Production (t) (5510),"Other forage products, n.e.c. (01919.96)",Italy (380),2005,1e+07,E,f
Production (t) (5510),"Other forage products, n.e.c. (01919.96)",Italy (380),2006,1e+07,E,f
Production (t) (5510),"Other forage products, n.e.c. (01919.96)",Italy (380),2007,1e+07,E,f
Production (t) (5510),"Other forage products, n.e.c. (01919.96)",Italy (380),2008,10150000,E,f
Production (t) (5510),"Other forage products, n.e.c. (01919.96)",Italy (380),2009,10150000,E,f
Production (t) (5510),"Other forage products, n.e.c. (01919.96)",Italy (380),2010,10150000,E,f
Production (t) (5510),"Other forage products, n.e.c. (01919.96)",Italy (380),2011,10150000,E,f
Production (t) (5510),"Other forage products, n.e.c. (01919.96)",Italy (380),2012,10200000,E,f
Production (t) (5510),"Other forage products, n.e.c. (01919.96)",Italy (380),2013,10300000,E,f
Production (t) (5510),"Other forage products, n.e.c. (01919.96)",Italy (380),2019,10300000,E,t
Production (t) (5510),"Other forage products, n.e.c. (01919.96)",Italy (380),2020,10300000,E,t
Production (t) (5510),"Flax, raw or retted (01929.01)",France (250),1990,77000,E,f
Production (t) (5510),"Flax, raw or retted (01929.01)",France (250),1991,267170.8,"",p
Production (t) (5510),"Flax, raw or retted (01929.01)",France (250),1992,188360.1,"",p
Production (t) (5510),"Flax, raw or retted (01929.01)",France (250),1993,223033.8,"",p
Production (t) (5510),"Flax, raw or retted (01929.01)",France (250),1994,310590.7,"",p
Production (t) (5510),"Flax, raw or retted (01929.01)",France (250),1995,327964.3,"",p
Production (t) (5510),"Flax, raw or retted (01929.01)",France (250),1996,285098.2,"",p
Production (t) (5510),"Flax, raw or retted (01929.01)",France (250),1997,313557,"",p
Production (t) (5510),"Flax, raw or retted (01929.01)",France (250),1998,285339,"",p
Production (t) (5510),"Flax, raw or retted (01929.01)",France (250),1999,340507.4,"",p
Production (t) (5510),"Flax, raw or retted (01929.01)",France (250),2000,371621.7,"",p
Production (t) (5510),"Flax, raw or retted (01929.01)",France (250),2001,284592.8,"",p
Production (t) (5510),"Flax, raw or retted (01929.01)",France (250),2002,489249.6,"",p
Production (t) (5510),"Flax, raw or retted (01929.01)",France (250),2003,535084,"",p
Production (t) (5510),"Flax, raw or retted (01929.01)",France (250),2004,545607.4,"",p
Production (t) (5510),"Flax, raw or retted (01929.01)",France (250),2005,592356.9,"",p
Production (t) (5510),"Flax, raw or retted (01929.01)",France (250),2006,538268.5,"",p
Production (t) (5510),"Flax, raw or retted (01929.01)",France (250),2007,461968.2,"",p
Production (t) (5510),"Flax, raw or retted (01929.01)",France (250),2008,543252.3,"",p
Production (t) (5510),"Flax, raw or retted (01929.01)",France (250),2009,411438.1,"",p
Production (t) (5510),"Flax, raw or retted (01929.01)",France (250),2010,372099.5,"",p
Production (t) (5510),"Flax, raw or retted (01929.01)",France (250),2011,273483.2,"",p
Production (t) (5510),"Flax, raw or retted (01929.01)",France (250),2012,470543.6,"",p
Production (t) (5510),"Flax, raw or retted (01929.01)",France (250),2013,460857.6,"",p
Production (t) (5510),"Flax, raw or retted (01929.01)",France (250),2014,519798,"",q
Production (t) (5510),"Flax, raw or retted (01929.01)",France (250),2015,525623,"",q
Production (t) (5510),"Flax, raw or retted (01929.01)",France (250),2016,602504.4,"",q
Production (t) (5510),"Flax, raw or retted (01929.01)",France (250),2017,596786.7,"",q
Production (t) (5510),"Flax, raw or retted (01929.01)",France (250),2018,660107,"",q
Production (t) (5510),"Flax, raw or retted (01929.01)",France (250),2019,850350,"",h
Production (t) (5510),"Flax, raw or retted (01929.01)",France (250),2020,744300,"",h
Production (t) (5510),"Flax, raw or retted (01929.01)",France (250),2021,678390,"",h
Production (t) (5510),"Flax, raw or retted (01929.01)",France (250),2022,652680,"",h
Production (t) (5510),"Flax, raw or retted (01929.01)",France (250),2023,515340,"",h
Production (t) (5510),"Flax, raw or retted (01929.01)",Italy (380),1990,50,"",-
Production (t) (5510),"Flax, raw or retted (01929.01)",Italy (380),1991,100,T,-
Production (t) (5510),"Flax, raw or retted (01929.01)",Italy (380),1992,266,"",-
Production (t) (5510),"Flax, raw or retted (01929.01)",Italy (380),1993,322,T,-
Production (t) (5510),"Flax, raw or retted (01929.01)",Italy (380),1994,310,T,-
Production (t) (5510),"Flax, raw or retted (01929.01)",Italy (380),1995,904,T,-
Production (t) (5510),"Flax, raw or retted (01929.01)",Italy (380),1996,250,T,-
Production (t) (5510),"Flax, raw or retted (01929.01)",Italy (380),1997,450,E,f
Production (t) (5510),"Flax, raw or retted (01929.01)",Italy (380),1998,678.33633,I,i
Production (t) (5510),"Flax, raw or retted (01929.01)",Italy (380),1999,781.231309,I,i
Production (t) (5510),"Flax, raw or retted (01929.01)",Italy (380),2000,942.921506,I,i
Production (t) (5510),"Flax, raw or retted (01929.01)",Italy (380),2001,1309.912029,I,i
Production (t) (5510),"Flax, raw or retted (01929.01)",Italy (380),2002,1146.604801,I,e
Production (t) (5510),"Flax, raw or retted (01929.01)",Italy (380),2003,1022.880743,I,e
Production (t) (5510),"Flax, raw or retted (01929.01)",Italy (380),2004,924.633554,I,e
Production (t) (5510),"Flax, raw or retted (01929.01)",Italy (380),2005,1000,E,f
Production (t) (5510),"Flax, raw or retted (01929.01)",Italy (380),2006,1200,E,f
Production (t) (5510),"Flax, raw or retted (01929.01)",Italy (380),2007,1500,E,f
Production (t) (5510),"Flax, raw or retted (01929.01)",Italy (380),2008,2000,E,f
Production (t) (5510),"Flax, raw or retted (01929.01)",Italy (380),2009,3400,"",-
Production (t) (5510),"Flax, raw or retted (01929.01)",Italy (380),2010,370,"",-
Production (t) (5510),"Flax, raw or retted (01929.01)",Italy (380),2011,249,"",-
Production (t) (5510),"Flax, raw or retted (01929.01)",Italy (380),2012,309,"",-
Production (t) (5510),"Flax, raw or retted (01929.01)",Italy (380),2013,302,"",-
Production (t) (5510),"Flax, raw or retted (01929.01)",Italy (380),2014,332,"",-
Production (t) (5510),"Flax, raw or retted (01929.01)",Italy (380),2015,429,"",q
Production (t) (5510),"Flax, raw or retted (01929.01)",Italy (380),2016,658.2,"",q
Production (t) (5510),"Flax, raw or retted (01929.01)",Italy (380),2017,2530,"",q
Production (t) (5510),"Flax, raw or retted (01929.01)",Italy (380),2018,1590,"",h
Production (t) (5510),"Flax, raw or retted (01929.01)",Italy (380),2019,1960,"",h
Production (t) (5510),"Flax, raw or retted (01929.01)",Italy (380),2020,1220,"",h
Production (t) (5510),"Flax, raw or retted (01929.01)",Italy (380),2021,910,"",h
Production (t) (5510),"Flax, raw or retted (01929.01)",Italy (380),2022,640,"",h
Production (t) (5510),"Flax, raw or retted (01929.01)",Italy (380),2023,1060,"",h
Production (t) (5510),"True hemp, raw or retted (01929.02)",France (250),1990,200,E,f
Production (t) (5510),"True hemp, raw or retted (01929.02)",France (250),1991,21194.8,"",p
Production (t) (5510),"True hemp, raw or retted (01929.02)",France (250),1992,28146.6,"",p
Production (t) (5510),"True hemp, raw or retted (01929.02)",France (250),1993,44248.3,"",p
Production (t) (5510),"True hemp, raw or retted (01929.02)",France (250),1994,43190.5,"",p
Production (t) (5510),"True hemp, raw or retted (01929.02)",France (250),1995,36590.6,"",p
Production (t) (5510),"True hemp, raw or retted (01929.02)",France (250),1996,38277.1,"",p
Production (t) (5510),"True hemp, raw or retted (01929.02)",France (250),1997,75335.9,"",p
Production (t) (5510),"True hemp, raw or retted (01929.02)",France (250),1998,52694.2,"",p
Production (t) (5510),"True hemp, raw or retted (01929.02)",France (250),1999,64097.5,"",p
Production (t) (5510),"True hemp, raw or retted (01929.02)",France (250),2000,54787.4,"",p
Production (t) (5510),"True hemp, raw or retted (01929.02)",France (250),2001,47156.9,"",p
Production (t) (5510),"True hemp, raw or retted (01929.02)",France (250),2002,55375.9,"",p
Production (t) (5510),"True hemp, raw or retted (01929.02)",France (250),2003,71977.4,"",p
Production (t) (5510),"True hemp, raw or retted (01929.02)",France (250),2004,58899.6,"",p
Production (t) (5510),"True hemp, raw or retted (01929.02)",France (250),2005,68187,"",p
Production (t) (5510),"True hemp, raw or retted (01929.02)",France (250),2006,59276.9,"",p
Production (t) (5510),"True hemp, raw or retted (01929.02)",France (250),2007,69524.3,"",p
Production (t) (5510),"True hemp, raw or retted (01929.02)",France (250),2008,65745.4,"",p
Production (t) (5510),"True hemp, raw or retted (01929.02)",France (250),2009,88834.8,"",p
Production (t) (5510),"True hemp, raw or retted (01929.02)",France (250),2010,55946.9,"",p
Production (t) (5510),"True hemp, raw or retted (01929.02)",France (250),2011,49352.3,"",p
Production (t) (5510),"True hemp, raw or retted (01929.02)",France (250),2012,94623.5,"",p
Production (t) (5510),"True hemp, raw or retted (01929.02)",France (250),2013,70694,"",q
Production (t) (5510),"True hemp, raw or retted (01929.02)",France (250),2014,1154.902371,I,e
Production (t) (5510),"True hemp, raw or retted (01929.02)",France (250),2015,1041.456934,E,e
Production (t) (5510),"True hemp, raw or retted (01929.02)",France (250),2016,1228.590257,I,e
Production (t) (5510),"True hemp, raw or retted (01929.02)",France (250),2017,1255.965529,I,e
Production (t) (5510),"True hemp, raw or retted (01929.02)",France (250),2018,49679.368306,I,i
Production (t) (5510),"True hemp, raw or retted (01929.02)",France (250),2019,78050,"",h
Production (t) (5510),"True hemp, raw or retted (01929.02)",France (250),2020,106260,"",h
Production (t) (5510),"True hemp, raw or retted (01929.02)",France (250),2021,141460,"",h
Production (t) (5510),"True hemp, raw or retted (01929.02)",France (250),2022,121720,"",h
Production (t) (5510),"True hemp, raw or retted (01929.02)",France (250),2023,122820,"",h
Production (t) (5510),"True hemp, raw or retted (01929.02)",Italy (380),1990,0,M,-
Production (t) (5510),"True hemp, raw or retted (01929.02)",Italy (380),1991,0,M,-
Production (t) (5510),"True hemp, raw or retted (01929.02)",Italy (380),1992,0,M,-
Production (t) (5510),"True hemp, raw or retted (01929.02)",Italy (380),1993,0,M,-
Production (t) (5510),"True hemp, raw or retted (01929.02)",Italy (380),1994,0,M,-
Production (t) (5510),"True hemp, raw or retted (01929.02)",Italy (380),1995,0,M,-
Production (t) (5510),"True hemp, raw or retted (01929.02)",Italy (380),1996,0,M,-
Production (t) (5510),"True hemp, raw or retted (01929.02)",Italy (380),1997,0,M,-
Production (t) (5510),"True hemp, raw or retted (01929.02)",Italy (380),1998,0,M,-
Production (t) (5510),"True hemp, raw or retted (01929.02)",Italy (380),1999,507,"",-
Production (t) (5510),"True hemp, raw or retted (01929.02)",Italy (380),2000,437,"",-
Production (t) (5510),"True hemp, raw or retted (01929.02)",Italy (380),2001,221,"",-
Production (t) (5510),"True hemp, raw or retted (01929.02)",Italy (380),2002,1281,"",-
Production (t) (5510),"True hemp, raw or retted (01929.02)",Italy (380),2003,2986,"",-
Production (t) (5510),"True hemp, raw or retted (01929.02)",Italy (380),2004,1281,E,f
Production (t) (5510),"True hemp, raw or retted (01929.02)",Italy (380),2005,1200,E,f
Production (t) (5510),"True hemp, raw or retted (01929.02)",Italy (380),2006,1200,E,f
Production (t) (5510),"True hemp, raw or retted (01929.02)",Italy (380),2007,1200,E,f
Production (t) (5510),"True hemp, raw or retted (01929.02)",Italy (380),2008,800,E,f
Production (t) (5510),"True hemp, raw or retted (01929.02)",Italy (380),2009,700,E,f
Production (t) (5510),"True hemp, raw or retted (01929.02)",Italy (380),2010,300,E,f
Production (t) (5510),"True hemp, raw or retted (01929.02)",Italy (380),2011,400,"",-
Production (t) (5510),"True hemp, raw or retted (01929.02)",Italy (380),2012,1300,E,f
Production (t) (5510),"True hemp, raw or retted (01929.02)",Italy (380),2013,1700,"",-
Production (t) (5510),"True hemp, raw or retted (01929.02)",Italy (380),2014,1730,"",p
Production (t) (5510),"True hemp, raw or retted (01929.02)",Italy (380),2015,3154,"",p
Production (t) (5510),"True hemp, raw or retted (01929.02)",Italy (380),2016,5115,"",p
Production (t) (5510),"True hemp, raw or retted (01929.02)",Italy (380),2017,3444,"",p
Production (t) (5510),"True hemp, raw or retted (01929.02)",Italy (380),2018,4630,"",h
Production (t) (5510),"True hemp, raw or retted (01929.02)",Italy (380),2019,7710,"",h
Production (t) (5510),"True hemp, raw or retted (01929.02)",Italy (380),2020,4670,"",h
Production (t) (5510),"True hemp, raw or retted (01929.02)",Italy (380),2021,4710,"",h
Production (t) (5510),"True hemp, raw or retted (01929.02)",Italy (380),2022,3950,"",h
Production (t) (5510),"True hemp, raw or retted (01929.02)",Italy (380),2023,2350,"",h
Production (t) (5510),Unmanufactured tobacco (01970),France (250),1990,27632,"",-
Production (t) (5510),Unmanufactured tobacco (01970),France (250),1991,25248.8,"",p
Production (t) (5510),Unmanufactured tobacco (01970),France (250),1992,23838.9,"",p
Production (t) (5510),Unmanufactured tobacco (01970),France (250),1993,24317.1,"",p
Production (t) (5510),Unmanufactured tobacco (01970),France (250),1994,25541.5,"",p
Production (t) (5510),Unmanufactured tobacco (01970),France (250),1995,22287.7,"",p
Production (t) (5510),Unmanufactured tobacco (01970),France (250),1996,22874.9,"",p
Production (t) (5510),Unmanufactured tobacco (01970),France (250),1997,18697.5,"",p
Production (t) (5510),Unmanufactured tobacco (01970),France (250),1998,15714.1,"",p
Production (t) (5510),Unmanufactured tobacco (01970),France (250),1999,16213.3,"",p
Production (t) (5510),Unmanufactured tobacco (01970),France (250),2000,17719,"",p
Production (t) (5510),Unmanufactured tobacco (01970),France (250),2001,18428,"",p
Production (t) (5510),Unmanufactured tobacco (01970),France (250),2002,13998.7,"",p
Production (t) (5510),Unmanufactured tobacco (01970),France (250),2003,12397.2,"",p
Production (t) (5510),Unmanufactured tobacco (01970),France (250),2004,9634.3,"",p
Production (t) (5510),Unmanufactured tobacco (01970),France (250),2005,9824.7,"",p
Production (t) (5510),Unmanufactured tobacco (01970),France (250),2006,18880,"",-
Production (t) (5510),Unmanufactured tobacco (01970),France (250),2007,15805,"",-
Production (t) (5510),Unmanufactured tobacco (01970),France (250),2008,16320.4,"",-
Production (t) (5510),Unmanufactured tobacco (01970),France (250),2009,17190,"",-
Production (t) (5510),Unmanufactured tobacco (01970),France (250),2010,18428,"",-
Production (t) (5510),Unmanufactured tobacco (01970),France (250),2011,13998.7,"",-
Production (t) (5510),Unmanufactured tobacco (01970),France (250),2012,12397.2,"",-
Production (t) (5510),Unmanufactured tobacco (01970),France (250),2013,9670,"",-
Production (t) (5510),Unmanufactured tobacco (01970),France (250),2014,9825,"",q
Production (t) (5510),Unmanufactured tobacco (01970),France (250),2015,9655,"",q
Production (t) (5510),Unmanufactured tobacco (01970),France (250),2016,8602.3,"",q
Production (t) (5510),Unmanufactured tobacco (01970),France (250),2017,7895.7,"",q
Production (t) (5510),Unmanufactured tobacco (01970),France (250),2018,7046,"",q
Production (t) (5510),Unmanufactured tobacco (01970),France (250),2019,5320,"",h
Production (t) (5510),Unmanufactured tobacco (01970),France (250),2020,3530,"",h
Production (t) (5510),Unmanufactured tobacco (01970),France (250),2021,3320,"",h
Production (t) (5510),Unmanufactured tobacco (01970),France (250),2022,3170,"",h
Production (t) (5510),Unmanufactured tobacco (01970),France (250),2023,2920,"",h
Production (t) (5510),Unmanufactured tobacco (01970),Italy (380),1990,214851,"",-
Production (t) (5510),Unmanufactured tobacco (01970),Italy (380),1991,193296,"",-
Production (t) (5510),Unmanufactured tobacco (01970),Italy (380),1992,150855,"",-
Production (t) (5510),Unmanufactured tobacco (01970),Italy (380),1993,135698,"",-
Production (t) (5510),Unmanufactured tobacco (01970),Italy (380),1994,120579,"",-
Production (t) (5510),Unmanufactured tobacco (01970),Italy (380),1995,124492,"",-
Production (t) (5510),Unmanufactured tobacco (01970),Italy (380),1996,130590,"",-
Production (t) (5510),Unmanufactured tobacco (01970),Italy (380),1997,130513,"",-
Production (t) (5510),Unmanufactured tobacco (01970),Italy (380),1998,132509,"",-
Production (t) (5510),Unmanufactured tobacco (01970),Italy (380),1999,126352,"",-
Production (t) (5510),Unmanufactured tobacco (01970),Italy (380),2000,129937,"",-
Production (t) (5510),Unmanufactured tobacco (01970),Italy (380),2001,130487,"",-
Production (t) (5510),Unmanufactured tobacco (01970),Italy (380),2002,122231,"",-
Production (t) (5510),Unmanufactured tobacco (01970),Italy (380),2003,124985,"",-
Production (t) (5510),Unmanufactured tobacco (01970),Italy (380),2004,117882,"",-
Production (t) (5510),Unmanufactured tobacco (01970),Italy (380),2005,115983,"",-
Production (t) (5510),Unmanufactured tobacco (01970),Italy (380),2006,96600,"",-
Production (t) (5510),Unmanufactured tobacco (01970),Italy (380),2007,110000,E,f
Production (t) (5510),Unmanufactured tobacco (01970),Italy (380),2008,92560,"",-
Production (t) (5510),Unmanufactured tobacco (01970),Italy (380),2009,97860,"",-
Production (t) (5510),Unmanufactured tobacco (01970),Italy (380),2010,89112,"",-
Production (t) (5510),Unmanufactured tobacco (01970),Italy (380),2011,70130,"",-
Production (t) (5510),Unmanufactured tobacco (01970),Italy (380),2012,50620.3,"",-
Production (t) (5510),Unmanufactured tobacco (01970),Italy (380),2013,49770.4,"",-
Production (t) (5510),Unmanufactured tobacco (01970),Italy (380),2014,53925,"",-
Production (t) (5510),Unmanufactured tobacco (01970),Italy (380),2015,51406,"",p
Production (t) (5510),Unmanufactured tobacco (01970),Italy (380),2016,48470,"",p
Production (t) (5510),Unmanufactured tobacco (01970),Italy (380),2017,56397.9,"",q
Production (t) (5510),Unmanufactured tobacco (01970),Italy (380),2018,49530,"",h
Production (t) (5510),Unmanufactured tobacco (01970),Italy (380),2019,41860,"",h
Production (t) (5510),Unmanufactured tobacco (01970),Italy (380),2020,37830,"",h
Production (t) (5510),Unmanufactured tobacco (01970),Italy (380),2021,41010,"",h
Production (t) (5510),Unmanufactured tobacco (01970),Italy (380),2022,30850,"",h
Production (t) (5510),Unmanufactured tobacco (01970),Italy (380),2023,29010,"",h
Production (t) (5510),"Offals n.e.c. (excluding mammals), fresh, chilled or frozen (21170.93)",Italy (380),1991,0,M,-
Production (t) (5510),"Offals n.e.c. (excluding mammals), fresh, chilled or frozen (21170.93)",Italy (380),1992,0,M,-
Production (t) (5510),"Offals n.e.c. (excluding mammals), fresh, chilled or frozen (21170.93)",Italy (380),1993,0,M,-
Production (t) (5510),"Offals n.e.c. (excluding mammals), fresh, chilled or frozen (21170.93)",Italy (380),1994,0,M,-
Production (t) (5510),"Offals n.e.c. (excluding mammals), fresh, chilled or frozen (21170.93)",Italy (380),1995,0,M,-
Production (t) (5510),Liver Preparations (21189.01),France (250),1990,0,"",-
Production (t) (5510),Liver Preparations (21189.01),France (250),1991,0,"",-
Production (t) (5510),Liver Preparations (21189.01),France (250),1992,0,"",-
Production (t) (5510),Liver Preparations (21189.01),France (250),1993,4000,I,-
Production (t) (5510),Liver Preparations (21189.01),France (250),1994,7000,I,-
Production (t) (5510),Liver Preparations (21189.01),France (250),1995,9000,I,-
Production (t) (5510),Liver Preparations (21189.01),France (250),1996,8000,I,-
Production (t) (5510),Liver Preparations (21189.01),France (250),1997,4000,I,-
Production (t) (5510),Liver Preparations (21189.01),France (250),1998,2000,I,-
Production (t) (5510),Liver Preparations (21189.01),France (250),1999,1000,I,-
Production (t) (5510),Liver Preparations (21189.01),France (250),2000,1000,I,-
Production (t) (5510),Liver Preparations (21189.01),France (250),2001,2000,I,-
Production (t) (5510),Liver Preparations (21189.01),France (250),2002,2000,I,-
Production (t) (5510),Liver Preparations (21189.01),France (250),2003,2000,I,-
Production (t) (5510),Liver Preparations (21189.01),France (250),2004,2000,I,-
Production (t) (5510),Liver Preparations (21189.01),France (250),2005,2000,I,-
Production (t) (5510),Liver Preparations (21189.01),France (250),2006,2000,I,-
Production (t) (5510),Liver Preparations (21189.01),France (250),2007,2000,I,-
Production (t) (5510),Liver Preparations (21189.01),France (250),2008,2000,I,-
Production (t) (5510),Liver Preparations (21189.01),France (250),2009,1000,I,-
Production (t) (5510),Liver Preparations (21189.01),France (250),2010,1000,I,c
Production (t) (5510),Liver Preparations (21189.01),France (250),2011,500,I,c
Production (t) (5510),Liver Preparations (21189.01),France (250),2012,1000,I,c
Production (t) (5510),Liver Preparations (21189.01),France (250),2013,1000,I,c
Production (t) (5510),Liver Preparations (21189.01),France (250),2014,750.41,I,c
Production (t) (5510),Liver Preparations (21189.01),France (250),2015,876.24,I,c
Production (t) (5510),Liver Preparations (21189.01),France (250),2016,888.72,I,c
Production (t) (5510),Liver Preparations (21189.01),France (250),2017,827.97,I,c
Production (t) (5510),Liver Preparations (21189.01),France (250),2018,832.02,I,c
Production (t) (5510),Liver Preparations (21189.01),France (250),2019,818.45,I,c
Production (t) (5510),Liver Preparations (21189.01),France (250),2020,806.52,I,c
Production (t) (5510),Liver Preparations (21189.01),France (250),2021,808.71,I,c
Production (t) (5510),Liver Preparations (21189.01),France (250),2022,789.92,I,c
Production (t) (5510),Liver Preparations (21189.01),France (250),2023,762.02,I,c
Production (t) (5510),"Flours, meals and pellets, inedible, of fish, crustaceans, molluscs or other aquatic invertebrates (21291)",France (250),1990,21300,"",-
Production (t) (5510),"Flours, meals and pellets, inedible, of fish, crustaceans, molluscs or other aquatic invertebrates (21291)",France (250),1991,20000,"",-
Production (t) (5510),"Flours, meals and pellets, inedible, of fish, crustaceans, molluscs or other aquatic invertebrates (21291)",France (250),1992,21500,"",-
Production (t) (5510),"Flours, meals and pellets, inedible, of fish, crustaceans, molluscs or other aquatic invertebrates (21291)",France (250),1993,22000,"",-
Production (t) (5510),"Flours, meals and pellets, inedible, of fish, crustaceans, molluscs or other aquatic invertebrates (21291)",France (250),1994,22000,"",-
Production (t) (5510),"Flours, meals and pellets, inedible, of fish, crustaceans, molluscs or other aquatic invertebrates (21291)",France (250),1995,21000,"",-
Production (t) (5510),"Flours, meals and pellets, inedible, of fish, crustaceans, molluscs or other aquatic invertebrates (21291)",France (250),1996,22000,E,f
Production (t) (5510),"Flours, meals and pellets, inedible, of fish, crustaceans, molluscs or other aquatic invertebrates (21291)",France (250),1997,22000,E,t
Production (t) (5510),"Flours, meals and pellets, inedible, of fish, crustaceans, molluscs or other aquatic invertebrates (21291)",France (250),1998,22000,E,t
Production (t) (5510),"Flours, meals and pellets, inedible, of fish, crustaceans, molluscs or other aquatic invertebrates (21291)",France (250),1999,22000,E,t
Production (t) (5510),"Flours, meals and pellets, inedible, of fish, crustaceans, molluscs or other aquatic invertebrates (21291)",France (250),2000,22000,E,t
Production (t) (5510),"Flours, meals and pellets, inedible, of fish, crustaceans, molluscs or other aquatic invertebrates (21291)",France (250),2001,22000,E,t
Production (t) (5510),"Flours, meals and pellets, inedible, of fish, crustaceans, molluscs or other aquatic invertebrates (21291)",France (250),2002,22000,E,t
Production (t) (5510),"Flours, meals and pellets, inedible, of fish, crustaceans, molluscs or other aquatic invertebrates (21291)",France (250),2003,22000,E,t
Production (t) (5510),"Flours, meals and pellets, inedible, of fish, crustaceans, molluscs or other aquatic invertebrates (21291)",France (250),2004,22000,E,t
Production (t) (5510),"Flours, meals and pellets, inedible, of fish, crustaceans, molluscs or other aquatic invertebrates (21291)",France (250),2005,22000,E,t
Production (t) (5510),"Flours, meals and pellets, inedible, of fish, crustaceans, molluscs or other aquatic invertebrates (21291)",France (250),2006,22000,E,t
Production (t) (5510),"Flours, meals and pellets, inedible, of fish, crustaceans, molluscs or other aquatic invertebrates (21291)",France (250),2007,22000,E,t
Production (t) (5510),"Flours, meals and pellets, inedible, of fish, crustaceans, molluscs or other aquatic invertebrates (21291)",France (250),2008,22000,E,t
Production (t) (5510),"Flours, meals and pellets, inedible, of fish, crustaceans, molluscs or other aquatic invertebrates (21291)",France (250),2009,22000,E,t
Production (t) (5510),"Flours, meals and pellets, inedible, of fish, crustaceans, molluscs or other aquatic invertebrates (21291)",Italy (380),1990,4400,T,-
Production (t) (5510),"Flours, meals and pellets, inedible, of fish, crustaceans, molluscs or other aquatic invertebrates (21291)",Italy (380),1991,4500,"",-
Production (t) (5510),"Flours, meals and pellets, inedible, of fish, crustaceans, molluscs or other aquatic invertebrates (21291)",Italy (380),1992,2000,"",-
Production (t) (5510),"Flours, meals and pellets, inedible, of fish, crustaceans, molluscs or other aquatic invertebrates (21291)",Italy (380),1993,2800,"",-
Production (t) (5510),"Flours, meals and pellets, inedible, of fish, crustaceans, molluscs or other aquatic invertebrates (21291)",Italy (380),1994,2600,"",-
Production (t) (5510),"Flours, meals and pellets, inedible, of fish, crustaceans, molluscs or other aquatic invertebrates (21291)",Italy (380),1995,2700,"",-
Production (t) (5510),"Flours, meals and pellets, inedible, of fish, crustaceans, molluscs or other aquatic invertebrates (21291)",Italy (380),1996,2700,E,f
Production (t) (5510),"Flours, meals and pellets, inedible, of fish, crustaceans, molluscs or other aquatic invertebrates (21291)",Italy (380),1997,2800,"",-
Production (t) (5510),"Flours, meals and pellets, inedible, of fish, crustaceans, molluscs or other aquatic invertebrates (21291)",Italy (380),1998,2800,E,t
Production (t) (5510),"Flours, meals and pellets, inedible, of fish, crustaceans, molluscs or other aquatic invertebrates (21291)",Italy (380),1999,2800,E,t
Production (t) (5510),"Flours, meals and pellets, inedible, of fish, crustaceans, molluscs or other aquatic invertebrates (21291)",Italy (380),2000,2800,E,t
Production (t) (5510),"Flours, meals and pellets, inedible, of fish, crustaceans, molluscs or other aquatic invertebrates (21291)",Italy (380),2001,2800,E,t
Production (t) (5510),"Flours, meals and pellets, inedible, of fish, crustaceans, molluscs or other aquatic invertebrates (21291)",Italy (380),2002,2800,E,t
Production (t) (5510),"Flours, meals and pellets, inedible, of fish, crustaceans, molluscs or other aquatic invertebrates (21291)",Italy (380),2003,2800,E,t
Production (t) (5510),"Flours, meals and pellets, inedible, of fish, crustaceans, molluscs or other aquatic invertebrates (21291)",Italy (380),2004,2800,E,t
Production (t) (5510),"Flours, meals and pellets, inedible, of fish, crustaceans, molluscs or other aquatic invertebrates (21291)",Italy (380),2005,2800,E,t
Production (t) (5510),"Flours, meals and pellets, inedible, of fish, crustaceans, molluscs or other aquatic invertebrates (21291)",Italy (380),2006,2800,E,t
Production (t) (5510),"Flours, meals and pellets, inedible, of fish, crustaceans, molluscs or other aquatic invertebrates (21291)",Italy (380),2007,2800,E,t
Production (t) (5510),"Flours, meals and pellets, inedible, of fish, crustaceans, molluscs or other aquatic invertebrates (21291)",Italy (380),2008,2800,E,t
Production (t) (5510),"Flours, meals and pellets, inedible, of fish, crustaceans, molluscs or other aquatic invertebrates (21291)",Italy (380),2009,2800,E,t
Production (t) (5510),"Sweet Corn, Frozen (21319.01)",France (250),1990,8100,I,-
Production (t) (5510),"Sweet Corn, Frozen (21319.01)",France (250),1991,12150,I,-
Production (t) (5510),"Sweet Corn, Frozen (21319.01)",France (250),1992,18000,I,-
Production (t) (5510),"Sweet Corn, Frozen (21319.01)",France (250),1993,21600,I,-
Production (t) (5510),"Sweet Corn, Frozen (21319.01)",France (250),1994,20700,I,-
Production (t) (5510),"Sweet Corn, Frozen (21319.01)",France (250),1995,18900,I,-
Production (t) (5510),"Sweet Corn, Frozen (21319.01)",France (250),1996,19800,I,-
Production (t) (5510),"Sweet Corn, Frozen (21319.01)",France (250),1997,22500,I,-
Production (t) (5510),"Sweet Corn, Frozen (21319.01)",France (250),1998,22500,I,-
Production (t) (5510),"Sweet Corn, Frozen (21319.01)",France (250),1999,22500,I,-
Production (t) (5510),"Sweet Corn, Frozen (21319.01)",France (250),2000,24300,I,-
Production (t) (5510),"Sweet Corn, Frozen (21319.01)",France (250),2001,24300,I,-
Production (t) (5510),"Sweet Corn, Frozen (21319.01)",France (250),2002,24300,I,-
Production (t) (5510),"Sweet Corn, Frozen (21319.01)",France (250),2003,24300,I,-
Production (t) (5510),"Sweet Corn, Frozen (21319.01)",France (250),2004,24300,I,-
Production (t) (5510),"Sweet Corn, Frozen (21319.01)",France (250),2005,24300,I,-
Production (t) (5510),"Sweet Corn, Frozen (21319.01)",France (250),2006,24300,I,-
Production (t) (5510),"Sweet Corn, Frozen (21319.01)",France (250),2007,24300,I,-
Production (t) (5510),"Sweet Corn, Frozen (21319.01)",France (250),2008,24300,I,-
Production (t) (5510),"Sweet Corn, Frozen (21319.01)",France (250),2009,24300,I,-
Production (t) (5510),"Sweet Corn, Frozen (21319.01)",France (250),2010,24300,I,c
Production (t) (5510),"Sweet Corn, Frozen (21319.01)",France (250),2011,27000,I,c
Production (t) (5510),"Sweet Corn, Frozen (21319.01)",France (250),2012,27000,I,c
Production (t) (5510),"Sweet Corn, Frozen (21319.01)",France (250),2013,27000,I,c
Production (t) (5510),"Sweet Corn, Frozen (21319.01)",France (250),2014,17077.08,I,c
Production (t) (5510),"Sweet Corn, Frozen (21319.01)",France (250),2015,16500,E,f
Production (t) (5510),"Sweet Corn, Frozen (21319.01)",France (250),2016,19000,E,f
Production (t) (5510),"Sweet Corn, Frozen (21319.01)",France (250),2017,18087.66,I,c
Production (t) (5510),"Sweet Corn, Frozen (21319.01)",France (250),2018,22000,E,f
Production (t) (5510),"Sweet Corn, Frozen (21319.01)",France (250),2019,22600,E,f
Production (t) (5510),"Sweet Corn, Frozen (21319.01)",France (250),2020,28500,E,f
Production (t) (5510),"Sweet Corn, Frozen (21319.01)",France (250),2021,21913.02,I,c
Production (t) (5510),"Sweet Corn, Frozen (21319.01)",France (250),2022,19386.59,I,c
Production (t) (5510),"Sweet Corn, Frozen (21319.01)",France (250),2023,19630.39,I,c
Production (t) (5510),"Sweet Corn, Prepared or Preserved (21399.03)",France (250),1990,45900,I,-
Production (t) (5510),"Sweet Corn, Prepared or Preserved (21399.03)",France (250),1991,68850,I,-
Production (t) (5510),"Sweet Corn, Prepared or Preserved (21399.03)",France (250),1992,102000,I,-
Production (t) (5510),"Sweet Corn, Prepared or Preserved (21399.03)",France (250),1993,122400,I,-
Production (t) (5510),"Sweet Corn, Prepared or Preserved (21399.03)",France (250),1994,117300,I,-
Production (t) (5510),"Sweet Corn, Prepared or Preserved (21399.03)",France (250),1995,107100,I,-
Production (t) (5510),"Sweet Corn, Prepared or Preserved (21399.03)",France (250),1996,112200,I,-
Production (t) (5510),"Sweet Corn, Prepared or Preserved (21399.03)",France (250),1997,127500,I,-
Production (t) (5510),"Sweet Corn, Prepared or Preserved (21399.03)",France (250),1998,127500,I,-
Production (t) (5510),"Sweet Corn, Prepared or Preserved (21399.03)",France (250),1999,127500,I,-
Production (t) (5510),"Sweet Corn, Prepared or Preserved (21399.03)",France (250),2000,137700,I,-
Production (t) (5510),"Sweet Corn, Prepared or Preserved (21399.03)",France (250),2001,137700,I,-
Production (t) (5510),"Sweet Corn, Prepared or Preserved (21399.03)",France (250),2002,137700,I,-
Production (t) (5510),"Sweet Corn, Prepared or Preserved (21399.03)",France (250),2003,137700,I,-
Production (t) (5510),"Sweet Corn, Prepared or Preserved (21399.03)",France (250),2004,137700,I,-
Production (t) (5510),"Sweet Corn, Prepared or Preserved (21399.03)",France (250),2005,137700,I,-
Production (t) (5510),"Sweet Corn, Prepared or Preserved (21399.03)",France (250),2006,137700,I,-
Production (t) (5510),"Sweet Corn, Prepared or Preserved (21399.03)",France (250),2007,137700,I,-
Production (t) (5510),"Sweet Corn, Prepared or Preserved (21399.03)",France (250),2008,137700,I,-
Production (t) (5510),"Sweet Corn, Prepared or Preserved (21399.03)",France (250),2009,137700,I,-
Production (t) (5510),"Sweet Corn, Prepared or Preserved (21399.03)",France (250),2010,137700,I,c
Production (t) (5510),"Sweet Corn, Prepared or Preserved (21399.03)",France (250),2011,153000,I,c
Production (t) (5510),"Sweet Corn, Prepared or Preserved (21399.03)",France (250),2012,153000,I,c
Production (t) (5510),"Sweet Corn, Prepared or Preserved (21399.03)",France (250),2013,153000,I,c
Production (t) (5510),"Sweet Corn, Prepared or Preserved (21399.03)",France (250),2014,124418.69,I,c
Production (t) (5510),"Sweet Corn, Prepared or Preserved (21399.03)",France (250),2015,120214.29,I,c
Production (t) (5510),"Sweet Corn, Prepared or Preserved (21399.03)",France (250),2016,111285.71,I,c
Production (t) (5510),"Sweet Corn, Prepared or Preserved (21399.03)",France (250),2017,131781.54,I,c
Production (t) (5510),"Sweet Corn, Prepared or Preserved (21399.03)",France (250),2018,128857.14,I,c
Production (t) (5510),"Sweet Corn, Prepared or Preserved (21399.03)",France (250),2019,120000,E,f
Production (t) (5510),"Sweet Corn, Prepared or Preserved (21399.03)",France (250),2020,110000,E,f
Production (t) (5510),"Sweet Corn, Prepared or Preserved (21399.03)",France (250),2021,128347.7,I,c
Production (t) (5510),"Sweet Corn, Prepared or Preserved (21399.03)",France (250),2022,113550.03,I,c
Production (t) (5510),"Sweet Corn, Prepared or Preserved (21399.03)",France (250),2023,114977.99,I,c
Production (t) (5510),Grape juice (21434),France (250),1990,0,I,-
Production (t) (5510),Grape juice (21434),France (250),1991,0,I,-
Production (t) (5510),Grape juice (21434),France (250),1992,0,I,-
Production (t) (5510),Grape juice (21434),France (250),1993,0,"",-
Production (t) (5510),Grape juice (21434),France (250),1994,0,"",-
Production (t) (5510),Grape juice (21434),France (250),1995,0,"",-
Production (t) (5510),Grape juice (21434),France (250),1996,0,"",-
Production (t) (5510),Grape juice (21434),France (250),1997,24750,I,-
Production (t) (5510),Grape juice (21434),France (250),1998,20250,I,-
Production (t) (5510),Grape juice (21434),France (250),1999,7500,I,-
Production (t) (5510),Grape juice (21434),France (250),2000,9000,I,-
Production (t) (5510),Grape juice (21434),France (250),2001,37500,I,-
Production (t) (5510),Grape juice (21434),France (250),2002,32250,I,-
Production (t) (5510),Grape juice (21434),France (250),2003,24000,I,-
Production (t) (5510),Grape juice (21434),France (250),2004,22500,I,-
Production (t) (5510),Grape juice (21434),France (250),2005,36000,I,-
Production (t) (5510),Grape juice (21434),France (250),2006,37500,I,-
Production (t) (5510),Grape juice (21434),France (250),2007,3750,I,-
Production (t) (5510),Grape juice (21434),France (250),2008,3750,I,-
Production (t) (5510),Grape juice (21434),France (250),2009,3750,I,-
Production (t) (5510),Grape juice (21434),France (250),2010,3780.17,I,c
Production (t) (5510),Grape juice (21434),France (250),2011,4259.89,I,c
Production (t) (5510),Grape juice (21434),France (250),2012,3511.61,I,c
Production (t) (5510),Grape juice (21434),France (250),2013,3581.46,I,c
Production (t) (5510),Grape juice (21434),France (250),2014,3531.93,I,c
Production (t) (5510),Grape juice (21434),France (250),2015,3553.46,I,c
Production (t) (5510),Grape juice (21434),France (250),2016,3350.59,I,c
Production (t) (5510),Grape juice (21434),France (250),2017,2704.89,I,c
Production (t) (5510),Grape juice (21434),France (250),2018,3634.13,I,c
Production (t) (5510),Grape juice (21434),France (250),2019,5959.79,I,c
Production (t) (5510),Grape juice (21434),France (250),2020,7257.98,I,c
Production (t) (5510),Grape juice (21434),France (250),2021,6139.03,I,c
Production (t) (5510),Grape juice (21434),France (250),2022,7614.77,I,c
Production (t) (5510),Grape juice (21434),France (250),2023,7873.84,I,c
Production (t) (5510),Grape juice (21434),Italy (380),1990,0,I,-
Production (t) (5510),Grape juice (21434),Italy (380),1991,0,I,-
Production (t) (5510),Grape juice (21434),Italy (380),1992,51300,I,-
Production (t) (5510),Grape juice (21434),Italy (380),1993,88200,I,-
Production (t) (5510),Grape juice (21434),Italy (380),1994,100800,I,-
Production (t) (5510),Grape juice (21434),Italy (380),1995,96300,I,-
Production (t) (5510),Grape juice (21434),Italy (380),1996,97200,I,-
Production (t) (5510),Grape juice (21434),Italy (380),1997,105300,I,-
Production (t) (5510),Grape juice (21434),Italy (380),1998,106200,I,-
Production (t) (5510),Grape juice (21434),Italy (380),1999,135900,I,-
Production (t) (5510),Grape juice (21434),Italy (380),2000,114300,I,-
Production (t) (5510),Grape juice (21434),Italy (380),2001,116100,I,-
Production (t) (5510),Grape juice (21434),Italy (380),2002,72000,I,-
Production (t) (5510),Grape juice (21434),Italy (380),2003,30600,I,-
Production (t) (5510),Grape juice (21434),Italy (380),2004,55800,I,-
Production (t) (5510),Grape juice (21434),Italy (380),2005,91800,I,-
Production (t) (5510),Grape juice (21434),Italy (380),2006,121500,I,-
Production (t) (5510),Grape juice (21434),Italy (380),2007,168300,I,-
Production (t) (5510),Grape juice (21434),Italy (380),2008,187200,I,-
Production (t) (5510),Grape juice (21434),Italy (380),2009,232200,I,-
Production (t) (5510),Grape juice (21434),Italy (380),2010,223200,I,i
Production (t) (5510),Grape juice (21434),Italy (380),2011,171000,I,i
Production (t) (5510),Grape juice (21434),Italy (380),2012,207000,I,i
Production (t) (5510),Grape juice (21434),Italy (380),2013,207000,I,i
Production (t) (5510),Grape juice (21434),Italy (380),2014,224825.58,I,c
Production (t) (5510),Grape juice (21434),Italy (380),2015,262872.26,I,c
Production (t) (5510),Grape juice (21434),Italy (380),2016,261029.02,I,c
Production (t) (5510),Grape juice (21434),Italy (380),2017,220734.85,I,c
Production (t) (5510),Grape juice (21434),Italy (380),2018,171403.36,I,c
Production (t) (5510),Grape juice (21434),Italy (380),2019,151086.73,I,c
Production (t) (5510),Grape juice (21434),Italy (380),2020,123966.55,I,c
Production (t) (5510),Grape juice (21434),Italy (380),2021,150799.06,I,c
Production (t) (5510),Grape juice (21434),Italy (380),2022,159099.74,I,c
Production (t) (5510),Grape juice (21434),Italy (380),2023,110510.7,I,c
Production (t) (5510),Peanut Butter (21495.02),Italy (380),1990,190,I,-
Production (t) (5510),Peanut Butter (21495.02),Italy (380),1991,190,I,-
Production (t) (5510),Peanut Butter (21495.02),Italy (380),1992,190,I,-
Production (t) (5510),Peanut Butter (21495.02),Italy (380),1993,0,M,-
Production (t) (5510),Peanut Butter (21495.02),Italy (380),1994,0,M,-
Production (t) (5510),Peanut Butter (21495.02),Italy (380),1995,0,M,-
Production (t) (5510),Peanut Butter (21495.02),Italy (380),1996,0,M,-
Production (t) (5510),Peanut Butter (21495.02),Italy (380),1997,0,M,-
Production (t) (5510),Peanut Butter (21495.02),Italy (380),1998,0,M,-
Production (t) (5510),Peanut Butter (21495.02),Italy (380),1999,0,M,-
Production (t) (5510),Peanut Butter (21495.02),Italy (380),2000,0,M,-
Production (t) (5510),Peanut Butter (21495.02),Italy (380),2001,0,M,-
Production (t) (5510),Peanut Butter (21495.02),Italy (380),2002,0,M,-
Production (t) (5510),Peanut Butter (21495.02),Italy (380),2003,0,M,-
Production (t) (5510),Peanut Butter (21495.02),Italy (380),2004,0,M,-
Production (t) (5510),Peanut Butter (21495.02),Italy (380),2005,0,M,-
Production (t) (5510),Peanut Butter (21495.02),Italy (380),2006,0,M,-
Production (t) (5510),Peanut Butter (21495.02),Italy (380),2007,0,M,-
Production (t) (5510),Peanut Butter (21495.02),Italy (380),2008,0,M,-
Production (t) (5510),Peanut Butter (21495.02),Italy (380),2009,0,M,-
Production (t) (5510),Peanut Butter (21495.02),Italy (380),2010,0,M,u
Production (t) (5510),Peanut Butter (21495.02),Italy (380),2011,0,M,u
Production (t) (5510),Peanut Butter (21495.02),Italy (380),2012,0,M,u
Production (t) (5510),Peanut Butter (21495.02),Italy (380),2013,0,M,u
Production (t) (5510),Peanut Butter (21495.02),Italy (380),2014,0,M,-
Production (t) (5510),Lard Stearine and Lard Oil (21529.02),Italy (380),1990,0,M,-
Production (t) (5510),Lard Stearine and Lard Oil (21529.02),Italy (380),1991,0,M,-
Production (t) (5510),Lard Stearine and Lard Oil (21529.02),Italy (380),1992,0,M,-
Production (t) (5510),Lard Stearine and Lard Oil (21529.02),Italy (380),1993,0,M,-
Production (t) (5510),Lard Stearine and Lard Oil (21529.02),Italy (380),1994,0,M,-
Production (t) (5510),Lard Stearine and Lard Oil (21529.02),Italy (380),1995,0,M,-
Production (t) (5510),Lard Stearine and Lard Oil (21529.02),Italy (380),1996,0,M,-
Production (t) (5510),Lard Stearine and Lard Oil (21529.02),Italy (380),1997,0,M,-
Production (t) (5510),Lard Stearine and Lard Oil (21529.02),Italy (380),1998,0,M,-
Production (t) (5510),Lard Stearine and Lard Oil (21529.02),Italy (380),1999,0,M,-
Production (t) (5510),Lard Stearine and Lard Oil (21529.02),Italy (380),2000,0,M,-
Production (t) (5510),Lard Stearine and Lard Oil (21529.02),Italy (380),2001,0,M,-
Production (t) (5510),Lard Stearine and Lard Oil (21529.02),Italy (380),2002,0,M,-
Production (t) (5510),Lard Stearine and Lard Oil (21529.02),Italy (380),2003,0,M,-
Production (t) (5510),Lard Stearine and Lard Oil (21529.02),Italy (380),2004,0,M,-
Production (t) (5510),Lard Stearine and Lard Oil (21529.02),Italy (380),2005,0,M,-
Production (t) (5510),Lard Stearine and Lard Oil (21529.02),Italy (380),2006,0,M,-
Production (t) (5510),Lard Stearine and Lard Oil (21529.02),Italy (380),2007,0,M,-
Production (t) (5510),Lard Stearine and Lard Oil (21529.02),Italy (380),2008,0,M,-
Production (t) (5510),Lard Stearine and Lard Oil (21529.02),Italy (380),2009,1022.43994,I,-
Production (t) (5510),Lard Stearine and Lard Oil (21529.02),Italy (380),2010,14377.21518,I,i
Production (t) (5510),Lard Stearine and Lard Oil (21529.02),Italy (380),2011,13940.92485,I,i
Production (t) (5510),Lard Stearine and Lard Oil (21529.02),Italy (380),2012,6969.622814,I,i
Production (t) (5510),Lard Stearine and Lard Oil (21529.02),Italy (380),2013,7013.143504,I,i
Production (t) (5510),Lard Stearine and Lard Oil (21529.02),Italy (380),2014,8090.88,I,c
Production (t) (5510),Lard Stearine and Lard Oil (21529.02),Italy (380),2015,8672.78,I,c
Production (t) (5510),Lard Stearine and Lard Oil (21529.02),Italy (380),2016,8665.85,I,c
Production (t) (5510),Lard Stearine and Lard Oil (21529.02),Italy (380),2017,10055.49,I,c
Production (t) (5510),Lard Stearine and Lard Oil (21529.02),Italy (380),2018,9028.99,I,c
Production (t) (5510),Lard Stearine and Lard Oil (21529.02),Italy (380),2019,8450.32,I,c
Production (t) (5510),Lard Stearine and Lard Oil (21529.02),Italy (380),2020,7580.38,I,c
Production (t) (5510),Lard Stearine and Lard Oil (21529.02),Italy (380),2021,7793.82,I,c
Production (t) (5510),Lard Stearine and Lard Oil (21529.02),Italy (380),2022,5089.3,I,c
Production (t) (5510),Lard Stearine and Lard Oil (21529.02),Italy (380),2023,7662.29,I,c
Production (t) (5510),"Yoghurt, with additives (22230.02)",France (250),1990,27200,I,-
Production (t) (5510),"Yoghurt, with additives (22230.02)",France (250),1991,27200,I,-
Production (t) (5510),"Yoghurt, with additives (22230.02)",France (250),1992,40000,I,-
Production (t) (5510),"Yoghurt, with additives (22230.02)",France (250),1993,46400,I,-
Production (t) (5510),"Yoghurt, with additives (22230.02)",France (250),1994,54400,I,-
Production (t) (5510),"Yoghurt, with additives (22230.02)",France (250),1995,55200,I,-
Production (t) (5510),"Yoghurt, with additives (22230.02)",France (250),1996,34400,I,-
Production (t) (5510),"Yoghurt, with additives (22230.02)",France (250),1997,51200,I,-
Production (t) (5510),"Yoghurt, with additives (22230.02)",France (250),1998,51200,I,-
Production (t) (5510),"Yoghurt, with additives (22230.02)",France (250),1999,82400,I,-
Production (t) (5510),"Yoghurt, with additives (22230.02)",France (250),2000,128800,I,-
Production (t) (5510),"Yoghurt, with additives (22230.02)",France (250),2001,152800,I,-
Production (t) (5510),"Yoghurt, with additives (22230.02)",France (250),2002,172800,I,-
Production (t) (5510),"Yoghurt, with additives (22230.02)",France (250),2003,183200,I,-
Production (t) (5510),"Yoghurt, with additives (22230.02)",France (250),2004,193600,I,-
Production (t) (5510),"Yoghurt, with additives (22230.02)",France (250),2005,197600,I,-
Production (t) (5510),"Yoghurt, with additives (22230.02)",France (250),2006,188000,I,-
Production (t) (5510),"Yoghurt, with additives (22230.02)",France (250),2007,158400,I,-
Production (t) (5510),"Yoghurt, with additives (22230.02)",France (250),2008,194400,I,-
Production (t) (5510),"Yoghurt, with additives (22230.02)",France (250),2009,189600,I,-
Production (t) (5510),"Yoghurt, with additives (22230.02)",France (250),2010,1218570,"",h
Production (t) (5510),"Yoghurt, with additives (22230.02)",France (250),2011,1213010,"",h
Production (t) (5510),"Yoghurt, with additives (22230.02)",France (250),2012,1139980,"",h
Production (t) (5510),"Yoghurt, with additives (22230.02)",France (250),2013,1138530,"",h
Production (t) (5510),"Yoghurt, with additives (22230.02)",France (250),2014,1068760,"",h
Production (t) (5510),"Yoghurt, with additives (22230.02)",France (250),2015,1030610,"",h
Production (t) (5510),"Yoghurt, with additives (22230.02)",France (250),2016,994070,"",h
Production (t) (5510),"Yoghurt, with additives (22230.02)",France (250),2017,978010,"",h
Production (t) (5510),"Yoghurt, with additives (22230.02)",France (250),2018,993280,"",h
Production (t) (5510),"Yoghurt, with additives (22230.02)",France (250),2019,886530,"",h
Production (t) (5510),"Yoghurt, with additives (22230.02)",France (250),2020,916720,"",h
Production (t) (5510),"Yoghurt, with additives (22230.02)",France (250),2021,828710,"",h
Production (t) (5510),"Yoghurt, with additives (22230.02)",France (250),2022,819900,"",h
Production (t) (5510),"Yoghurt, with additives (22230.02)",France (250),2023,760640,"",h
Production (t) (5510),"Yoghurt, with additives (22230.02)",Italy (380),2010,270600,"",h
Production (t) (5510),"Yoghurt, with additives (22230.02)",Italy (380),2011,271200,"",h
Production (t) (5510),"Yoghurt, with additives (22230.02)",Italy (380),2012,272950,"",h
Production (t) (5510),"Yoghurt, with additives (22230.02)",Italy (380),2013,264550,"",h
Production (t) (5510),"Yoghurt, with additives (22230.02)",Italy (380),2014,265110,"",h
Production (t) (5510),"Yoghurt, with additives (22230.02)",Italy (380),2015,264530,"",h
Production (t) (5510),"Yoghurt, with additives (22230.02)",Italy (380),2016,253280,"",h
Production (t) (5510),"Yoghurt, with additives (22230.02)",Italy (380),2017,255000,"",h
Production (t) (5510),"Yoghurt, with additives (22230.02)",Italy (380),2018,215620,"",h
Production (t) (5510),"Yoghurt, with additives (22230.02)",Italy (380),2019,183350,"",h
Production (t) (5510),"Yoghurt, with additives (22230.02)",Italy (380),2020,211830,"",h
Production (t) (5510),"Yoghurt, with additives (22230.02)",Italy (380),2021,210880,"",h
Production (t) (5510),"Yoghurt, with additives (22230.02)",Italy (380),2022,212220,"",h
Production (t) (5510),"Yoghurt, with additives (22230.02)",Italy (380),2023,205310,"",h
Production (t) (5510),"Buttermilk, curdled and acidified milk (22230.03)",France (250),1990,350610,I,-
Production (t) (5510),"Buttermilk, curdled and acidified milk (22230.03)",France (250),1991,284580,I,-
Production (t) (5510),"Buttermilk, curdled and acidified milk (22230.03)",France (250),1992,277140,I,-
Production (t) (5510),"Buttermilk, curdled and acidified milk (22230.03)",France (250),1993,306900,I,-
Production (t) (5510),"Buttermilk, curdled and acidified milk (22230.03)",France (250),1994,365490,I,-
Production (t) (5510),"Buttermilk, curdled and acidified milk (22230.03)",France (250),1995,349680,I,-
Production (t) (5510),"Buttermilk, curdled and acidified milk (22230.03)",France (250),1996,388740,I,-
Production (t) (5510),"Buttermilk, curdled and acidified milk (22230.03)",France (250),1997,360840,I,-
Production (t) (5510),"Buttermilk, curdled and acidified milk (22230.03)",France (250),1998,371070,I,-
Production (t) (5510),"Buttermilk, curdled and acidified milk (22230.03)",France (250),1999,356190,I,-
Production (t) (5510),"Buttermilk, curdled and acidified milk (22230.03)",France (250),2000,381300,I,-
Production (t) (5510),"Buttermilk, curdled and acidified milk (22230.03)",France (250),2001,358980,I,-
Production (t) (5510),"Buttermilk, curdled and acidified milk (22230.03)",France (250),2002,364560,I,-
Production (t) (5510),"Buttermilk, curdled and acidified milk (22230.03)",France (250),2003,354330,I,-
Production (t) (5510),"Buttermilk, curdled and acidified milk (22230.03)",France (250),2004,303180,I,-
Production (t) (5510),"Buttermilk, curdled and acidified milk (22230.03)",France (250),2005,338520,I,-
Production (t) (5510),"Buttermilk, curdled and acidified milk (22230.03)",France (250),2006,353400,I,-
Production (t) (5510),"Buttermilk, curdled and acidified milk (22230.03)",France (250),2007,377580,I,-
Production (t) (5510),"Buttermilk, curdled and acidified milk (22230.03)",France (250),2008,439890,I,-
Production (t) (5510),"Buttermilk, curdled and acidified milk (22230.03)",France (250),2009,459420,I,-
Production (t) (5510),"Buttermilk, curdled and acidified milk (22230.03)",France (250),2010,542592.97,I,c
Production (t) (5510),"Buttermilk, curdled and acidified milk (22230.03)",France (250),2011,538145.02,I,c
Production (t) (5510),"Buttermilk, curdled and acidified milk (22230.03)",France (250),2012,540448.62,I,c
Production (t) (5510),"Buttermilk, curdled and acidified milk (22230.03)",France (250),2013,558717.82,I,c
Production (t) (5510),"Buttermilk, curdled and acidified milk (22230.03)",France (250),2014,561977.57,I,c
Production (t) (5510),"Buttermilk, curdled and acidified milk (22230.03)",France (250),2015,566087.91,I,c
Production (t) (5510),"Buttermilk, curdled and acidified milk (22230.03)",France (250),2016,609166.67,I,c
Production (t) (5510),"Buttermilk, curdled and acidified milk (22230.03)",France (250),2017,576666.67,I,c
Production (t) (5510),"Buttermilk, curdled and acidified milk (22230.03)",France (250),2018,587333.33,I,c
Production (t) (5510),"Buttermilk, curdled and acidified milk (22230.03)",France (250),2019,629545.96,I,c
Production (t) (5510),"Buttermilk, curdled and acidified milk (22230.03)",France (250),2020,621799.89,I,c
Production (t) (5510),"Buttermilk, curdled and acidified milk (22230.03)",France (250),2021,614885.78,I,c
Production (t) (5510),"Buttermilk, curdled and acidified milk (22230.03)",France (250),2022,562813.64,I,c
Production (t) (5510),"Buttermilk, curdled and acidified milk (22230.03)",France (250),2023,549122.73,I,c
Production (t) (5510),"Buttermilk, curdled and acidified milk (22230.03)",Italy (380),2014,1693172.83,I,c
Production (t) (5510),"Buttermilk, curdled and acidified milk (22230.03)",Italy (380),2015,1842917.98,I,c
Production (t) (5510),"Buttermilk, curdled and acidified milk (22230.03)",Italy (380),2016,1711126.48,I,c
Production (t) (5510),"Buttermilk, curdled and acidified milk (22230.03)",Italy (380),2017,1914131.29,I,c
Production (t) (5510),"Buttermilk, curdled and acidified milk (22230.03)",Italy (380),2018,176432.48,I,c
Production (t) (5510),"Buttermilk, curdled and acidified milk (22230.03)",Italy (380),2019,185278.94,I,c
Production (t) (5510),"Buttermilk, curdled and acidified milk (22230.03)",Italy (380),2020,189032.16,I,c
Production (t) (5510),"Buttermilk, curdled and acidified milk (22230.03)",Italy (380),2021,188300,I,c
Production (t) (5510),"Buttermilk, curdled and acidified milk (22230.03)",Italy (380),2022,188920,I,c
Production (t) (5510),"Buttermilk, curdled and acidified milk (22230.03)",Italy (380),2023,188800,I,c
Production (t) (5510),"Buttermilk, dry (22230.04)",France (250),1990,31000,"",-
Production (t) (5510),"Buttermilk, dry (22230.04)",France (250),1991,25500,"",-
Production (t) (5510),"Buttermilk, dry (22230.04)",France (250),1992,24580,"",-
Production (t) (5510),"Buttermilk, dry (22230.04)",France (250),1993,27420,"",-
Production (t) (5510),"Buttermilk, dry (22230.04)",France (250),1994,32628,"",-
Production (t) (5510),"Buttermilk, dry (22230.04)",France (250),1995,31000,"",-
Production (t) (5510),"Buttermilk, dry (22230.04)",France (250),1996,34000,"",-
Production (t) (5510),"Buttermilk, dry (22230.04)",France (250),1997,30413,"",-
Production (t) (5510),"Buttermilk, dry (22230.04)",France (250),1998,31000,"",-
Production (t) (5510),"Buttermilk, dry (22230.04)",France (250),1999,29215,"",-
Production (t) (5510),"Buttermilk, dry (22230.04)",France (250),2000,31363,"",-
Production (t) (5510),"Buttermilk, dry (22230.04)",France (250),2001,30117,"",-
Production (t) (5510),"Buttermilk, dry (22230.04)",France (250),2002,31875,"",-
Production (t) (5510),"Buttermilk, dry (22230.04)",France (250),2003,31570,"",-
Production (t) (5510),"Buttermilk, dry (22230.04)",France (250),2004,31000,"",-
Production (t) (5510),"Buttermilk, dry (22230.04)",France (250),2005,32000,"",-
Production (t) (5510),"Buttermilk, dry (22230.04)",France (250),2006,30000,"",-
Production (t) (5510),"Buttermilk, dry (22230.04)",France (250),2007,30000,"",-
Production (t) (5510),"Buttermilk, dry (22230.04)",France (250),2008,30000,E,f
Production (t) (5510),"Buttermilk, dry (22230.04)",France (250),2009,27100,"",-
Production (t) (5510),"Buttermilk, dry (22230.04)",France (250),2010,27040,"",h
Production (t) (5510),"Buttermilk, dry (22230.04)",France (250),2011,26440,"",h
Production (t) (5510),"Buttermilk, dry (22230.04)",France (250),2012,27390,"",h
Production (t) (5510),"Buttermilk, dry (22230.04)",France (250),2013,23150,"",h
Production (t) (5510),"Buttermilk, dry (22230.04)",France (250),2014,28080,"",h
Production (t) (5510),"Buttermilk, dry (22230.04)",France (250),2015,29270,"",h
Production (t) (5510),"Buttermilk, dry (22230.04)",France (250),2016,30330,"",h
Production (t) (5510),"Buttermilk, dry (22230.04)",France (250),2017,31100,"",h
Production (t) (5510),"Buttermilk, dry (22230.04)",France (250),2018,29450,"",h
Production (t) (5510),"Buttermilk, dry (22230.04)",France (250),2019,26220,"",h
Production (t) (5510),"Buttermilk, dry (22230.04)",France (250),2020,26240,"",h
Production (t) (5510),"Buttermilk, dry (22230.04)",France (250),2021,28470,"",h
Production (t) (5510),"Buttermilk, dry (22230.04)",France (250),2022,26750,"",h
Production (t) (5510),"Buttermilk, dry (22230.04)",France (250),2023,23770,"",h
Production (t) (5510),"Buttermilk, dry (22230.04)",Italy (380),2015,0,"",h
Production (t) (5510),"Buttermilk, dry (22230.04)",Italy (380),2016,0,"",h
Production (t) (5510),"Buttermilk, dry (22230.04)",Italy (380),2017,0,E,f
Production (t) (5510),"Buttermilk, dry (22230.04)",Italy (380),2018,0,"",h
Production (t) (5510),"Buttermilk, dry (22230.04)",Italy (380),2019,0,"",h
Production (t) (5510),"Buttermilk, dry (22230.04)",Italy (380),2020,0,"",h
Production (t) (5510),"Buttermilk, dry (22230.04)",Italy (380),2021,0,"",h
Production (t) (5510),"Buttermilk, dry (22230.04)",Italy (380),2022,0,"",h
Production (t) (5510),"Buttermilk, dry (22230.04)",Italy (380),2023,0,"",h
Production (t) (5510),Casein (22260),France (250),1990,27400,"",-
Production (t) (5510),Casein (22260),France (250),1991,32449,"",-
Production (t) (5510),Casein (22260),France (250),1992,40560,"",-
Production (t) (5510),Casein (22260),France (250),1993,28000,"",-
Production (t) (5510),Casein (22260),France (250),1994,26082,"",-
Production (t) (5510),Casein (22260),France (250),1995,38000,"",-
Production (t) (5510),Casein (22260),France (250),1996,35379,"",-
Production (t) (5510),Casein (22260),France (250),1997,33700,"",-
Production (t) (5510),Casein (22260),France (250),1998,39600,"",-
Production (t) (5510),Casein (22260),France (250),1999,35464,"",-
Production (t) (5510),Casein (22260),France (250),2000,44615,"",-
Production (t) (5510),Casein (22260),France (250),2001,48257,"",-
Production (t) (5510),Casein (22260),France (250),2002,37622,"",-
Production (t) (5510),Casein (22260),France (250),2003,45057,"",-
Production (t) (5510),Casein (22260),France (250),2004,49400,"",-
Production (t) (5510),Casein (22260),France (250),2005,54200,"",-
Production (t) (5510),Casein (22260),France (250),2006,43000,"",-
Production (t) (5510),Casein (22260),France (250),2007,42000,"",-
Production (t) (5510),Casein (22260),France (250),2008,38000,E,f
Production (t) (5510),Casein (22260),France (250),2009,36050,"",-
Production (t) (5510),Casein (22260),France (250),2010,34600,"",h
Production (t) (5510),Casein (22260),France (250),2011,38680,"",h
Production (t) (5510),Casein (22260),France (250),2012,34890,"",h
Production (t) (5510),Casein (22260),France (250),2013,36040,"",h
Production (t) (5510),Casein (22260),France (250),2014,44960,"",h
Production (t) (5510),Casein (22260),France (250),2015,43790,"",h
Production (t) (5510),Casein (22260),France (250),2016,37180,"",h
Production (t) (5510),Casein (22260),France (250),2017,47470,"",h
Production (t) (5510),Casein (22260),France (250),2018,48890,"",h
Production (t) (5510),Casein (22260),France (250),2019,49390,"",h
Production (t) (5510),Casein (22260),France (250),2020,38630,"",h
Production (t) (5510),Casein (22260),France (250),2021,38480,"",h
Production (t) (5510),Casein (22260),France (250),2022,63840,"",h
Production (t) (5510),Casein (22260),France (250),2023,65610,"",h
Production (t) (5510),Casein (22260),Italy (380),1990,200,T,-
Production (t) (5510),Casein (22260),Italy (380),1991,200,T,-
Production (t) (5510),Casein (22260),Italy (380),1992,200,T,-
Production (t) (5510),Casein (22260),Italy (380),1993,100,T,-
Production (t) (5510),Casein (22260),Italy (380),1994,100,T,-
Production (t) (5510),Casein (22260),Italy (380),1995,68,T,-
Production (t) (5510),Casein (22260),Italy (380),1996,55,T,-
Production (t) (5510),Casein (22260),Italy (380),1997,50,T,-
Production (t) (5510),Casein (22260),Italy (380),1998,50,T,-
Production (t) (5510),Casein (22260),Italy (380),1999,40,T,-
Production (t) (5510),Casein (22260),Italy (380),2000,40,E,f
Production (t) (5510),Casein (22260),Italy (380),2001,40,E,f
Production (t) (5510),Casein (22260),Italy (380),2002,40,E,f
Production (t) (5510),Casein (22260),Italy (380),2003,40,E,f
Production (t) (5510),Casein (22260),Italy (380),2004,40,E,f
Production (t) (5510),Casein (22260),Italy (380),2005,40,E,f
Production (t) (5510),Casein (22260),Italy (380),2006,40,E,f
Production (t) (5510),Casein (22260),Italy (380),2007,40,E,f
Production (t) (5510),Casein (22260),Italy (380),2008,40,E,f
Production (t) (5510),Casein (22260),Italy (380),2009,40,E,f
Production (t) (5510),Casein (22260),Italy (380),2010,890,"",h
Production (t) (5510),Casein (22260),Italy (380),2011,40,E,f
Production (t) (5510),Casein (22260),Italy (380),2012,80,"",h
Production (t) (5510),Casein (22260),Italy (380),2013,90,"",h
Production (t) (5510),Casein (22260),Italy (380),2014,59229.92,I,c
Production (t) (5510),Casein (22260),Italy (380),2015,61929.24,I,c
Production (t) (5510),Casein (22260),Italy (380),2016,56681.69,I,c
Production (t) (5510),Casein (22260),Italy (380),2017,60331.16,I,c
Production (t) (5510),Casein (22260),Italy (380),2018,58162.68,I,c
Production (t) (5510),Casein (22260),Italy (380),2019,70,"",h
Production (t) (5510),Casein (22260),Italy (380),2020,100,"",h
Production (t) (5510),Casein (22260),Italy (380),2021,100,E,f
Production (t) (5510),Casein (22260),Italy (380),2022,110,"",h
Production (t) (5510),Casein (22260),Italy (380),2023,160,"",h
Production (t) (5510),Other Fructose and Syrup (23210.03),France (250),2010,0,I,c
Production (t) (5510),Other Fructose and Syrup (23210.03),France (250),2011,0,I,c
Production (t) (5510),Other Fructose and Syrup (23210.03),France (250),2012,0,I,c
Production (t) (5510),Other Fructose and Syrup (23210.03),France (250),2013,0,I,c
Production (t) (5510),Other Fructose and Syrup (23210.03),Italy (380),1990,0,M,-
Production (t) (5510),Other Fructose and Syrup (23210.03),Italy (380),1991,0,M,-
Production (t) (5510),Other Fructose and Syrup (23210.03),Italy (380),1992,0,M,-
Production (t) (5510),Other Fructose and Syrup (23210.03),Italy (380),1993,0,M,-
Production (t) (5510),Other Fructose and Syrup (23210.03),Italy (380),1994,0,M,-
Production (t) (5510),Other Fructose and Syrup (23210.03),Italy (380),1995,0,M,-
Production (t) (5510),Other Fructose and Syrup (23210.03),Italy (380),1996,0,M,-
Production (t) (5510),Other Fructose and Syrup (23210.03),Italy (380),1997,0,M,-
Production (t) (5510),Other Fructose and Syrup (23210.03),Italy (380),1998,0,M,-
Production (t) (5510),Other Fructose and Syrup (23210.03),Italy (380),1999,0,M,-
Production (t) (5510),Other Fructose and Syrup (23210.03),Italy (380),2000,0,M,-
Production (t) (5510),Other Fructose and Syrup (23210.03),Italy (380),2001,0,M,-
Production (t) (5510),Other Fructose and Syrup (23210.03),Italy (380),2002,0,M,-
Production (t) (5510),Other Fructose and Syrup (23210.03),Italy (380),2003,0,M,-
Production (t) (5510),Other Fructose and Syrup (23210.03),Italy (380),2004,0,M,-
Production (t) (5510),Other Fructose and Syrup (23210.03),Italy (380),2005,3000,E,f
Production (t) (5510),Other Fructose and Syrup (23210.03),Italy (380),2006,7000,E,f
Production (t) (5510),Other Fructose and Syrup (23210.03),Italy (380),2007,6000,E,f
Production (t) (5510),Other Fructose and Syrup (23210.03),Italy (380),2008,3000,E,f
Production (t) (5510),Other Fructose and Syrup (23210.03),Italy (380),2009,4000,E,f
Production (t) (5510),Other Fructose and Syrup (23210.03),Italy (380),2010,0,M,u
Production (t) (5510),Other Fructose and Syrup (23210.03),Italy (380),2011,0,M,u
Production (t) (5510),Other Fructose and Syrup (23210.03),Italy (380),2012,0,M,u
Production (t) (5510),Other Fructose and Syrup (23210.03),Italy (380),2013,0,M,u
Production (t) (5510),Lactose (23210.06),France (250),1990,14000,"",-
Production (t) (5510),Lactose (23210.06),France (250),1991,14017,"",-
Production (t) (5510),Lactose (23210.06),France (250),1992,17000,"",-
Production (t) (5510),Lactose (23210.06),France (250),1993,16000,"",-
Production (t) (5510),Lactose (23210.06),France (250),1994,17000,"",-
Production (t) (5510),Lactose (23210.06),France (250),1995,31000,"",-
Production (t) (5510),Lactose (23210.06),France (250),1996,34000,"",-
Production (t) (5510),Lactose (23210.06),France (250),1997,34000,"",-
Production (t) (5510),Lactose (23210.06),France (250),1998,47000,"",-
Production (t) (5510),Lactose (23210.06),France (250),1999,45000,"",-
Production (t) (5510),Lactose (23210.06),France (250),2000,38900,"",-
Production (t) (5510),Lactose (23210.06),France (250),2001,40663,"",-
Production (t) (5510),Lactose (23210.06),France (250),2002,33913,"",-
Production (t) (5510),Lactose (23210.06),France (250),2003,29004,"",-
Production (t) (5510),Lactose (23210.06),France (250),2004,34000,"",-
Production (t) (5510),Lactose (23210.06),France (250),2005,34209,"",-
Production (t) (5510),Lactose (23210.06),France (250),2006,37000,"",-
Production (t) (5510),Lactose (23210.06),France (250),2007,33000,"",-
Production (t) (5510),Lactose (23210.06),France (250),2008,33000,E,f
Production (t) (5510),Lactose (23210.06),France (250),2009,30000,E,f
Production (t) (5510),Lactose (23210.06),France (250),2010,27780,"",h
Production (t) (5510),Lactose (23210.06),France (250),2011,28240,"",h
Production (t) (5510),Lactose (23210.06),France (250),2012,29290,"",h
Production (t) (5510),Lactose (23210.06),France (250),2013,29250,"",h
Production (t) (5510),Lactose (23210.06),France (250),2014,29570,"",h
Production (t) (5510),Lactose (23210.06),France (250),2015,28780,"",h
Production (t) (5510),Lactose (23210.06),France (250),2016,28590,"",h
Production (t) (5510),Lactose (23210.06),France (250),2017,29470,"",h
Production (t) (5510),Lactose (23210.06),France (250),2018,36210,"",h
Production (t) (5510),Lactose (23210.06),France (250),2019,41790,"",h
Production (t) (5510),Lactose (23210.06),France (250),2020,43430,"",h
Production (t) (5510),Lactose (23210.06),France (250),2021,43150,"",h
Production (t) (5510),Lactose (23210.06),France (250),2022,38650,"",h
Production (t) (5510),Lactose (23210.06),France (250),2023,39190,"",h
Production (t) (5510),Lactose (23210.06),Italy (380),1990,0,M,-
Production (t) (5510),Lactose (23210.06),Italy (380),1991,0,M,-
Production (t) (5510),Lactose (23210.06),Italy (380),1992,0,M,-
Production (t) (5510),Lactose (23210.06),Italy (380),1993,0,M,-
Production (t) (5510),Lactose (23210.06),Italy (380),1994,0,M,-
Production (t) (5510),Lactose (23210.06),Italy (380),1995,0,M,-
Production (t) (5510),Lactose (23210.06),Italy (380),1996,0,M,-
Production (t) (5510),Lactose (23210.06),Italy (380),1997,0,M,-
Production (t) (5510),Lactose (23210.06),Italy (380),1998,0,M,-
Production (t) (5510),Lactose (23210.06),Italy (380),1999,0,M,-
Production (t) (5510),Lactose (23210.06),Italy (380),2000,2250,I,-
Production (t) (5510),Lactose (23210.06),Italy (380),2001,4500,I,-
Production (t) (5510),Lactose (23210.06),Italy (380),2002,5400,I,-
Production (t) (5510),Lactose (23210.06),Italy (380),2003,9450,I,-
Production (t) (5510),Lactose (23210.06),Italy (380),2004,9900,I,-
Production (t) (5510),Lactose (23210.06),Italy (380),2005,10350,I,-
Production (t) (5510),Lactose (23210.06),Italy (380),2006,14850,I,-
Production (t) (5510),Lactose (23210.06),Italy (380),2007,18855,I,-
Production (t) (5510),Lactose (23210.06),Italy (380),2008,15705,I,-
Production (t) (5510),Lactose (23210.06),Italy (380),2009,14445,I,-
Production (t) (5510),Lactose (23210.06),Italy (380),2010,12600,I,i
Production (t) (5510),Lactose (23210.06),Italy (380),2011,13905,I,i
Production (t) (5510),Lactose (23210.06),Italy (380),2012,49990,"",h
Production (t) (5510),Lactose (23210.06),Italy (380),2013,17100,I,i
Production (t) (5510),Lactose (23210.06),Italy (380),2014,19960.71,I,c
Production (t) (5510),Lactose (23210.06),Italy (380),2015,23554.42,I,c
Production (t) (5510),Lactose (23210.06),Italy (380),2016,22727.85,I,c
Production (t) (5510),Lactose (23210.06),Italy (380),2017,30195.86,I,c
Production (t) (5510),Lactose (23210.06),Italy (380),2018,25759.81,I,c
Production (t) (5510),Lactose (23210.06),Italy (380),2019,37470,"",h
Production (t) (5510),Lactose (23210.06),Italy (380),2020,40879.31,I,c
Production (t) (5510),Lactose (23210.06),Italy (380),2021,41297.32,I,c
Production (t) (5510),Lactose (23210.06),Italy (380),2022,36080,"",h
Production (t) (5510),Lactose (23210.06),Italy (380),2023,36540,"",h
Production (t) (5510),"Compound Feed, Cattle (23319.01)",France (250),1990,3958000,"",-
Production (t) (5510),"Compound Feed, Cattle (23319.01)",France (250),1991,3997500,"",-
Production (t) (5510),"Compound Feed, Cattle (23319.01)",France (250),1992,3738000,"",-
Production (t) (5510),"Compound Feed, Cattle (23319.01)",France (250),1993,3838000,"",-
Production (t) (5510),"Compound Feed, Cattle (23319.01)",France (250),1994,3980000,"",-
Production (t) (5510),"Compound Feed, Cattle (23319.01)",France (250),1995,4036700,"",-
Production (t) (5510),"Compound Feed, Cattle (23319.01)",France (250),1996,4169800,"",-
Production (t) (5510),"Compound Feed, Cattle (23319.01)",France (250),1997,4207000,"",-
Production (t) (5510),"Compound Feed, Cattle (23319.01)",France (250),1998,4083400,"",-
Production (t) (5510),"Compound Feed, Cattle (23319.01)",France (250),1999,4209200,"",-
Production (t) (5510),"Compound Feed, Cattle (23319.01)",France (250),2000,4379000,"",-
Production (t) (5510),"Compound Feed, Cattle (23319.01)",France (250),2001,4486200,"",-
Production (t) (5510),"Compound Feed, Cattle (23319.01)",France (250),2002,4234600,"",-
Production (t) (5510),"Compound Feed, Cattle (23319.01)",France (250),2003,4458377,"",-
Production (t) (5510),"Compound Feed, Cattle (23319.01)",France (250),2004,4200000,E,f
Production (t) (5510),"Compound Feed, Cattle (23319.01)",France (250),2005,4200000,E,f
Production (t) (5510),"Compound Feed, Cattle (23319.01)",France (250),2006,4200000,E,f
Production (t) (5510),"Compound Feed, Cattle (23319.01)",France (250),2007,4200000,E,f
Production (t) (5510),"Compound Feed, Cattle (23319.01)",France (250),2008,4200000,E,f
Production (t) (5510),"Compound Feed, Cattle (23319.01)",France (250),2009,4200000,E,f
Production (t) (5510),"Compound Feed, Cattle (23319.01)",France (250),2010,4200000,E,f
Production (t) (5510),"Compound Feed, Cattle (23319.01)",France (250),2011,4200000,E,f
Production (t) (5510),"Compound Feed, Cattle (23319.01)",France (250),2012,4200000,E,f
Production (t) (5510),"Compound Feed, Cattle (23319.01)",France (250),2013,4200000,E,f
Production (t) (5510),"Compound Feed, Cattle (23319.01)",Italy (380),1990,4335527,"",-
Production (t) (5510),"Compound Feed, Cattle (23319.01)",Italy (380),1991,4629164,"",-
Production (t) (5510),"Compound Feed, Cattle (23319.01)",Italy (380),1992,4378477,"",-
Production (t) (5510),"Compound Feed, Cattle (23319.01)",Italy (380),1993,4040825,"",-
Production (t) (5510),"Compound Feed, Cattle (23319.01)",Italy (380),1994,3888471,"",-
Production (t) (5510),"Compound Feed, Cattle (23319.01)",Italy (380),1995,3750000,E,f
Production (t) (5510),"Compound Feed, Cattle (23319.01)",Italy (380),1996,3958824,"",-
Production (t) (5510),"Compound Feed, Cattle (23319.01)",Italy (380),1997,3671960,"",-
Production (t) (5510),"Compound Feed, Cattle (23319.01)",Italy (380),1998,3419583,"",-
Production (t) (5510),"Compound Feed, Cattle (23319.01)",Italy (380),1999,3887467,"",-
Production (t) (5510),"Compound Feed, Cattle (23319.01)",Italy (380),2000,3667084,"",-
Production (t) (5510),"Compound Feed, Cattle (23319.01)",Italy (380),2001,3687360,"",-
Production (t) (5510),"Compound Feed, Cattle (23319.01)",Italy (380),2002,3700000,E,f
Production (t) (5510),"Compound Feed, Cattle (23319.01)",Italy (380),2003,3750000,E,f
Production (t) (5510),"Compound Feed, Cattle (23319.01)",Italy (380),2004,3750000,E,f
Production (t) (5510),"Compound Feed, Cattle (23319.01)",Italy (380),2005,3750000,E,f
Production (t) (5510),"Compound Feed, Cattle (23319.01)",Italy (380),2006,3750000,E,f
Production (t) (5510),"Compound Feed, Cattle (23319.01)",Italy (380),2007,3750000,E,f
Production (t) (5510),"Compound Feed, Cattle (23319.01)",Italy (380),2008,3750000,E,f
Production (t) (5510),"Compound Feed, Cattle (23319.01)",Italy (380),2009,3750000,E,f
Production (t) (5510),"Compound Feed, Cattle (23319.01)",Italy (380),2010,3750000,E,f
Production (t) (5510),"Compound Feed, Cattle (23319.01)",Italy (380),2011,3750000,E,f
Production (t) (5510),"Compound Feed, Cattle (23319.01)",Italy (380),2012,3750000,E,f
Production (t) (5510),"Compound Feed, Cattle (23319.01)",Italy (380),2013,3750000,E,f
Production (t) (5510),"Compound Feed, Poultry (23319.02)",France (250),1990,6917000,"",-
Production (t) (5510),"Compound Feed, Poultry (23319.02)",France (250),1991,7398000,"",-
Production (t) (5510),"Compound Feed, Poultry (23319.02)",France (250),1992,7675000,"",-
Production (t) (5510),"Compound Feed, Poultry (23319.02)",France (250),1993,7999000,"",-
Production (t) (5510),"Compound Feed, Poultry (23319.02)",France (250),1994,8354000,"",-
Production (t) (5510),"Compound Feed, Poultry (23319.02)",France (250),1995,8775000,"",-
Production (t) (5510),"Compound Feed, Poultry (23319.02)",France (250),1996,9135800,"",-
Production (t) (5510),"Compound Feed, Poultry (23319.02)",France (250),1997,9446000,"",-
Production (t) (5510),"Compound Feed, Poultry (23319.02)",France (250),1998,9741800,"",-
Production (t) (5510),"Compound Feed, Poultry (23319.02)",France (250),1999,9592100,"",-
Production (t) (5510),"Compound Feed, Poultry (23319.02)",France (250),2000,9758000,"",-
Production (t) (5510),"Compound Feed, Poultry (23319.02)",France (250),2001,9701400,"",-
Production (t) (5510),"Compound Feed, Poultry (23319.02)",France (250),2002,9442800,"",-
Production (t) (5510),"Compound Feed, Poultry (23319.02)",France (250),2003,9237233,"",-
Production (t) (5510),"Compound Feed, Poultry (23319.02)",France (250),2004,8700000,E,f
Production (t) (5510),"Compound Feed, Poultry (23319.02)",France (250),2005,8700000,E,f
Production (t) (5510),"Compound Feed, Poultry (23319.02)",France (250),2006,8700000,E,f
Production (t) (5510),"Compound Feed, Poultry (23319.02)",France (250),2007,8700000,E,f
Production (t) (5510),"Compound Feed, Poultry (23319.02)",France (250),2008,8700000,E,f
Production (t) (5510),"Compound Feed, Poultry (23319.02)",France (250),2009,8700000,E,f
Production (t) (5510),"Compound Feed, Poultry (23319.02)",France (250),2010,8700000,E,f
Production (t) (5510),"Compound Feed, Poultry (23319.02)",France (250),2011,8700000,E,f
Production (t) (5510),"Compound Feed, Poultry (23319.02)",France (250),2012,8700000,E,f
Production (t) (5510),"Compound Feed, Poultry (23319.02)",France (250),2013,8700000,E,f
Production (t) (5510),"Compound Feed, Poultry (23319.02)",Italy (380),1990,4546804,"",-
Production (t) (5510),"Compound Feed, Poultry (23319.02)",Italy (380),1991,4706731,"",-
Production (t) (5510),"Compound Feed, Poultry (23319.02)",Italy (380),1992,4441158,"",-
Production (t) (5510),"Compound Feed, Poultry (23319.02)",Italy (380),1993,4309218,"",-
Production (t) (5510),"Compound Feed, Poultry (23319.02)",Italy (380),1994,4295343,"",-
Production (t) (5510),"Compound Feed, Poultry (23319.02)",Italy (380),1995,4100000,E,f
Production (t) (5510),"Compound Feed, Poultry (23319.02)",Italy (380),1996,4268626,"",-
Production (t) (5510),"Compound Feed, Poultry (23319.02)",Italy (380),1997,4271340,"",-
Production (t) (5510),"Compound Feed, Poultry (23319.02)",Italy (380),1998,4333379,"",-
Production (t) (5510),"Compound Feed, Poultry (23319.02)",Italy (380),1999,4506720,"",-
Production (t) (5510),"Compound Feed, Poultry (23319.02)",Italy (380),2000,4200000,E,f
Production (t) (5510),"Compound Feed, Poultry (23319.02)",Italy (380),2001,4200000,E,f
Production (t) (5510),"Compound Feed, Poultry (23319.02)",Italy (380),2002,4200000,E,f
Production (t) (5510),"Compound Feed, Poultry (23319.02)",Italy (380),2003,4200000,E,f
Production (t) (5510),"Compound Feed, Poultry (23319.02)",Italy (380),2004,4200000,E,f
Production (t) (5510),"Compound Feed, Poultry (23319.02)",Italy (380),2005,4200000,E,f
Production (t) (5510),"Compound Feed, Poultry (23319.02)",Italy (380),2006,4200000,E,f
Production (t) (5510),"Compound Feed, Poultry (23319.02)",Italy (380),2007,4200000,E,f
Production (t) (5510),"Compound Feed, Poultry (23319.02)",Italy (380),2008,4200000,E,f
Production (t) (5510),"Compound Feed, Poultry (23319.02)",Italy (380),2009,4200000,E,f
Production (t) (5510),"Compound Feed, Poultry (23319.02)",Italy (380),2010,4200000,E,f
Production (t) (5510),"Compound Feed, Poultry (23319.02)",Italy (380),2011,4200000,E,f
Production (t) (5510),"Compound Feed, Poultry (23319.02)",Italy (380),2012,4200000,E,f
Production (t) (5510),"Compound Feed, Poultry (23319.02)",Italy (380),2013,4200000,E,f
Production (t) (5510),"Compound Feed, Pigs (23319.03)",France (250),1990,5207000,"",-
Production (t) (5510),"Compound Feed, Pigs (23319.03)",France (250),1991,5493000,"",-
Production (t) (5510),"Compound Feed, Pigs (23319.03)",France (250),1992,5904000,"",-
Production (t) (5510),"Compound Feed, Pigs (23319.03)",France (250),1993,6373000,"",-
Production (t) (5510),"Compound Feed, Pigs (23319.03)",France (250),1994,6417000,"",-
Production (t) (5510),"Compound Feed, Pigs (23319.03)",France (250),1995,6381000,"",-
Production (t) (5510),"Compound Feed, Pigs (23319.03)",France (250),1996,6662800,"",-
Production (t) (5510),"Compound Feed, Pigs (23319.03)",France (250),1997,6945000,"",-
Production (t) (5510),"Compound Feed, Pigs (23319.03)",France (250),1998,6997700,"",-
Production (t) (5510),"Compound Feed, Pigs (23319.03)",France (250),1999,6871200,"",-
Production (t) (5510),"Compound Feed, Pigs (23319.03)",France (250),2000,6872000,"",-
Production (t) (5510),"Compound Feed, Pigs (23319.03)",France (250),2001,7017200,"",-
Production (t) (5510),"Compound Feed, Pigs (23319.03)",France (250),2002,6963600,"",-
Production (t) (5510),"Compound Feed, Pigs (23319.03)",France (250),2003,6813414,"",-
Production (t) (5510),"Compound Feed, Pigs (23319.03)",France (250),2004,6600000,E,f
Production (t) (5510),"Compound Feed, Pigs (23319.03)",France (250),2005,6600000,E,f
Production (t) (5510),"Compound Feed, Pigs (23319.03)",France (250),2006,6600000,E,f
Production (t) (5510),"Compound Feed, Pigs (23319.03)",France (250),2007,6600000,E,f
Production (t) (5510),"Compound Feed, Pigs (23319.03)",France (250),2008,6600000,E,f
Production (t) (5510),"Compound Feed, Pigs (23319.03)",France (250),2009,6600000,E,f
Production (t) (5510),"Compound Feed, Pigs (23319.03)",France (250),2010,6600000,E,f
Production (t) (5510),"Compound Feed, Pigs (23319.03)",France (250),2011,6600000,E,f
Production (t) (5510),"Compound Feed, Pigs (23319.03)",France (250),2012,6600000,E,f
Production (t) (5510),"Compound Feed, Pigs (23319.03)",France (250),2013,6600000,E,f
Production (t) (5510),"Compound Feed, Pigs (23319.03)",Italy (380),1990,2952327,"",-
Production (t) (5510),"Compound Feed, Pigs (23319.03)",Italy (380),1991,2868159,"",-
Production (t) (5510),"Compound Feed, Pigs (23319.03)",Italy (380),1992,2884652,"",-
Production (t) (5510),"Compound Feed, Pigs (23319.03)",Italy (380),1993,3121087,"",-
Production (t) (5510),"Compound Feed, Pigs (23319.03)",Italy (380),1994,2890971,"",-
Production (t) (5510),"Compound Feed, Pigs (23319.03)",Italy (380),1995,2600000,E,f
Production (t) (5510),"Compound Feed, Pigs (23319.03)",Italy (380),1996,2410335,"",-
Production (t) (5510),"Compound Feed, Pigs (23319.03)",Italy (380),1997,2393680,"",-
Production (t) (5510),"Compound Feed, Pigs (23319.03)",Italy (380),1998,2490690,"",-
Production (t) (5510),"Compound Feed, Pigs (23319.03)",Italy (380),1999,2380000,E,f
Production (t) (5510),"Compound Feed, Pigs (23319.03)",Italy (380),2000,2380000,E,f
Production (t) (5510),"Compound Feed, Pigs (23319.03)",Italy (380),2001,2380000,E,f
Production (t) (5510),"Compound Feed, Pigs (23319.03)",Italy (380),2002,2380000,E,f
Production (t) (5510),"Compound Feed, Pigs (23319.03)",Italy (380),2003,2380000,E,f
Production (t) (5510),"Compound Feed, Pigs (23319.03)",Italy (380),2004,2380000,E,f
Production (t) (5510),"Compound Feed, Pigs (23319.03)",Italy (380),2005,2380000,E,f
Production (t) (5510),"Compound Feed, Pigs (23319.03)",Italy (380),2006,2380000,E,f
Production (t) (5510),"Compound Feed, Pigs (23319.03)",Italy (380),2007,2380000,E,f
Production (t) (5510),"Compound Feed, Pigs (23319.03)",Italy (380),2008,2380000,E,f
Production (t) (5510),"Compound Feed, Pigs (23319.03)",Italy (380),2009,2380000,E,f
Production (t) (5510),"Compound Feed, Pigs (23319.03)",Italy (380),2010,2380000,E,f
Production (t) (5510),"Compound Feed, Pigs (23319.03)",Italy (380),2011,2380000,E,f
Production (t) (5510),"Compound Feed, Pigs (23319.03)",Italy (380),2012,2380000,E,f
Production (t) (5510),"Compound Feed, Pigs (23319.03)",Italy (380),2013,2380000,E,f
Production (t) (5510),Compound feed n.e.c. (23319.04),Italy (380),1990,1048050,"",-
Production (t) (5510),Compound feed n.e.c. (23319.04),Italy (380),1991,1121320,"",-
Production (t) (5510),Compound feed n.e.c. (23319.04),Italy (380),1992,1180690,"",-
Production (t) (5510),Compound feed n.e.c. (23319.04),Italy (380),1993,948845,"",-
Production (t) (5510),Compound feed n.e.c. (23319.04),Italy (380),1994,1035060,"",-
Production (t) (5510),Compound feed n.e.c. (23319.04),Italy (380),1995,1e+06,E,f
Production (t) (5510),Compound feed n.e.c. (23319.04),Italy (380),1996,1128260,"",-
Production (t) (5510),Compound feed n.e.c. (23319.04),Italy (380),1997,1141710,"",-
Production (t) (5510),Compound feed n.e.c. (23319.04),Italy (380),1998,937737,"",-
Production (t) (5510),Compound feed n.e.c. (23319.04),Italy (380),1999,1200000,E,f
Production (t) (5510),Compound feed n.e.c. (23319.04),Italy (380),2000,1200000,E,f
Production (t) (5510),Compound feed n.e.c. (23319.04),Italy (380),2001,1200000,E,f
Production (t) (5510),Compound feed n.e.c. (23319.04),Italy (380),2002,1200000,E,f
Production (t) (5510),Compound feed n.e.c. (23319.04),Italy (380),2003,1200000,E,f
Production (t) (5510),Compound feed n.e.c. (23319.04),Italy (380),2004,1200000,E,f
Production (t) (5510),Compound feed n.e.c. (23319.04),Italy (380),2005,1200000,E,f
Production (t) (5510),Compound feed n.e.c. (23319.04),Italy (380),2006,1200000,E,f
Production (t) (5510),Compound feed n.e.c. (23319.04),Italy (380),2007,1200000,E,f
Production (t) (5510),Compound feed n.e.c. (23319.04),Italy (380),2008,1200000,E,f
Production (t) (5510),Compound feed n.e.c. (23319.04),Italy (380),2009,1200000,E,f
Production (t) (5510),Compound feed n.e.c. (23319.04),Italy (380),2010,1200000,E,f
Production (t) (5510),Compound feed n.e.c. (23319.04),Italy (380),2011,1200000,E,f
Production (t) (5510),Compound feed n.e.c. (23319.04),Italy (380),2012,1200000,E,f
Production (t) (5510),Compound feed n.e.c. (23319.04),Italy (380),2013,1200000,E,f
Production (t) (5510),"Fruit, Nuts, Peel, Sugar Preserved (23670.02)",Italy (380),1990,9840,I,-
Production (t) (5510),"Fruit, Nuts, Peel, Sugar Preserved (23670.02)",Italy (380),1991,9840,I,-
Production (t) (5510),"Fruit, Nuts, Peel, Sugar Preserved (23670.02)",Italy (380),1992,9900,I,-
Production (t) (5510),"Fruit, Nuts, Peel, Sugar Preserved (23670.02)",Italy (380),1993,9960,I,-
Production (t) (5510),"Fruit, Nuts, Peel, Sugar Preserved (23670.02)",Italy (380),1994,8940,I,-
Production (t) (5510),"Fruit, Nuts, Peel, Sugar Preserved (23670.02)",Italy (380),1995,8610,I,-
Production (t) (5510),"Fruit, Nuts, Peel, Sugar Preserved (23670.02)",Italy (380),1996,9960,I,-
Production (t) (5510),"Fruit, Nuts, Peel, Sugar Preserved (23670.02)",Italy (380),1997,10050,I,-
Production (t) (5510),"Fruit, Nuts, Peel, Sugar Preserved (23670.02)",Italy (380),1998,10050,I,-
Production (t) (5510),"Fruit, Nuts, Peel, Sugar Preserved (23670.02)",Italy (380),1999,10050,I,-
Production (t) (5510),"Fruit, Nuts, Peel, Sugar Preserved (23670.02)",Italy (380),2000,11700,I,-
Production (t) (5510),"Fruit, Nuts, Peel, Sugar Preserved (23670.02)",Italy (380),2001,10500,I,-
Production (t) (5510),"Fruit, Nuts, Peel, Sugar Preserved (23670.02)",Italy (380),2002,9900,I,-
Production (t) (5510),"Fruit, Nuts, Peel, Sugar Preserved (23670.02)",Italy (380),2003,11100,I,-
Production (t) (5510),"Fruit, Nuts, Peel, Sugar Preserved (23670.02)",Italy (380),2004,12510,I,-
Production (t) (5510),"Fruit, Nuts, Peel, Sugar Preserved (23670.02)",Italy (380),2005,15450,I,-
Production (t) (5510),"Fruit, Nuts, Peel, Sugar Preserved (23670.02)",Italy (380),2006,15000,I,-
Production (t) (5510),"Fruit, Nuts, Peel, Sugar Preserved (23670.02)",Italy (380),2007,16800,I,-
Production (t) (5510),"Fruit, Nuts, Peel, Sugar Preserved (23670.02)",Italy (380),2008,15600,I,-
Production (t) (5510),"Fruit, Nuts, Peel, Sugar Preserved (23670.02)",Italy (380),2009,14100,I,-
Production (t) (5510),"Fruit, Nuts, Peel, Sugar Preserved (23670.02)",Italy (380),2010,14100,I,i
Production (t) (5510),"Fruit, Nuts, Peel, Sugar Preserved (23670.02)",Italy (380),2011,14400,I,i
Production (t) (5510),"Fruit, Nuts, Peel, Sugar Preserved (23670.02)",Italy (380),2012,15600,I,i
Production (t) (5510),"Fruit, Nuts, Peel, Sugar Preserved (23670.02)",Italy (380),2013,16590,I,i
Production (t) (5510),"Fruit, Nuts, Peel, Sugar Preserved (23670.02)",Italy (380),2014,18852.28,I,c
Production (t) (5510),"Fruit, Nuts, Peel, Sugar Preserved (23670.02)",Italy (380),2015,30943.72,I,c
Production (t) (5510),"Fruit, Nuts, Peel, Sugar Preserved (23670.02)",Italy (380),2016,19157.8,I,c
Production (t) (5510),"Fruit, Nuts, Peel, Sugar Preserved (23670.02)",Italy (380),2017,21449.44,I,c
Production (t) (5510),"Fruit, Nuts, Peel, Sugar Preserved (23670.02)",Italy (380),2018,21581.12,I,c
Production (t) (5510),"Fruit, Nuts, Peel, Sugar Preserved (23670.02)",Italy (380),2019,21147.15,I,c
Production (t) (5510),"Fruit, Nuts, Peel, Sugar Preserved (23670.02)",Italy (380),2020,20658.03,I,c
Production (t) (5510),"Fruit, Nuts, Peel, Sugar Preserved (23670.02)",Italy (380),2021,18615.14,I,c
Production (t) (5510),"Fruit, Nuts, Peel, Sugar Preserved (23670.02)",Italy (380),2022,20471.18,I,c
Production (t) (5510),"Fruit, Nuts, Peel, Sugar Preserved (23670.02)",Italy (380),2023,19805.24,I,c
Production (t) (5510),Homogenized Vegetable Preparations (23991.02),France (250),1990,16152.959,I,-
Production (t) (5510),Homogenized Vegetable Preparations (23991.02),France (250),1991,16065.978,I,-
Production (t) (5510),Homogenized Vegetable Preparations (23991.02),France (250),1992,13826.954,I,-
Production (t) (5510),Homogenized Vegetable Preparations (23991.02),France (250),1993,15471.231,I,-
Production (t) (5510),Homogenized Vegetable Preparations (23991.02),France (250),1994,10575.243,I,-
Production (t) (5510),Homogenized Vegetable Preparations (23991.02),France (250),1995,12076.05,I,-
Production (t) (5510),Homogenized Vegetable Preparations (23991.02),France (250),1996,12463.689,I,-
Production (t) (5510),Homogenized Vegetable Preparations (23991.02),France (250),1997,11702.019,I,-
Production (t) (5510),Homogenized Vegetable Preparations (23991.02),France (250),1998,9918.195,I,-
Production (t) (5510),Homogenized Vegetable Preparations (23991.02),France (250),1999,7394.376,I,-
Production (t) (5510),Homogenized Vegetable Preparations (23991.02),France (250),2000,7355.496,I,-
Production (t) (5510),Homogenized Vegetable Preparations (23991.02),France (250),2001,6006.366,I,-
Production (t) (5510),Homogenized Vegetable Preparations (23991.02),France (250),2002,4530.3916,I,-
Production (t) (5510),Homogenized Vegetable Preparations (23991.02),France (250),2003,4484.304,I,-
Production (t) (5510),Homogenized Vegetable Preparations (23991.02),France (250),2004,4587.158,I,-
Production (t) (5510),Homogenized Vegetable Preparations (23991.02),France (250),2005,4345.4136,I,-
Production (t) (5510),Homogenized Vegetable Preparations (23991.02),France (250),2006,4360.3096,I,-
Production (t) (5510),Homogenized Vegetable Preparations (23991.02),France (250),2007,4502.5,I,-
Production (t) (5510),Homogenized Vegetable Preparations (23991.02),France (250),2008,6346.1104,I,-
Production (t) (5510),Homogenized Vegetable Preparations (23991.02),France (250),2009,8757.504,I,-
Production (t) (5510),Homogenized Vegetable Preparations (23991.02),France (250),2010,6790.86,I,c
Production (t) (5510),Homogenized Vegetable Preparations (23991.02),France (250),2011,6528.9,I,c
Production (t) (5510),Homogenized Vegetable Preparations (23991.02),France (250),2012,6741.33,I,c
Production (t) (5510),Homogenized Vegetable Preparations (23991.02),France (250),2013,6565.06,I,c
Production (t) (5510),Homogenized Vegetable Preparations (23991.02),France (250),2014,6864.64,I,c
Production (t) (5510),Homogenized Vegetable Preparations (23991.02),France (250),2015,6856.02,I,c
Production (t) (5510),Homogenized Vegetable Preparations (23991.02),France (250),2016,8387.34,I,c
Production (t) (5510),Homogenized Vegetable Preparations (23991.02),France (250),2017,8356.98,I,c
Production (t) (5510),Homogenized Vegetable Preparations (23991.02),France (250),2018,7814.84,I,c
Production (t) (5510),Homogenized Vegetable Preparations (23991.02),France (250),2019,1273.75,I,c
Production (t) (5510),Homogenized Vegetable Preparations (23991.02),France (250),2020,1153.97,I,c
Production (t) (5510),Homogenized Vegetable Preparations (23991.02),France (250),2021,4613.39,I,c
Production (t) (5510),Homogenized Vegetable Preparations (23991.02),France (250),2022,1086.04,I,c
Production (t) (5510),Homogenized Vegetable Preparations (23991.02),France (250),2023,4199.14,I,c
Production (t) (5510),Homogenized Vegetable Preparations (23991.02),Italy (380),1990,1000,I,-
Production (t) (5510),Homogenized Vegetable Preparations (23991.02),Italy (380),1991,1000,I,-
Production (t) (5510),Homogenized Vegetable Preparations (23991.02),Italy (380),1992,1000,I,-
Production (t) (5510),Homogenized Vegetable Preparations (23991.02),Italy (380),1993,1750,I,-
Production (t) (5510),Homogenized Vegetable Preparations (23991.02),Italy (380),1994,1500,I,-
Production (t) (5510),Homogenized Vegetable Preparations (23991.02),Italy (380),1995,1750,I,-
Production (t) (5510),Homogenized Vegetable Preparations (23991.02),Italy (380),1996,2000,I,-
Production (t) (5510),Homogenized Vegetable Preparations (23991.02),Italy (380),1997,2000,I,-
Production (t) (5510),Homogenized Vegetable Preparations (23991.02),Italy (380),1998,2250,I,-
Production (t) (5510),Homogenized Vegetable Preparations (23991.02),Italy (380),1999,3250,I,-
Production (t) (5510),Homogenized Vegetable Preparations (23991.02),Italy (380),2000,3250,I,-
Production (t) (5510),Homogenized Vegetable Preparations (23991.02),Italy (380),2001,4250,I,-
Production (t) (5510),Homogenized Vegetable Preparations (23991.02),Italy (380),2002,4750,I,-
Production (t) (5510),Homogenized Vegetable Preparations (23991.02),Italy (380),2003,5500,I,-
Production (t) (5510),Homogenized Vegetable Preparations (23991.02),Italy (380),2004,5500,I,-
Production (t) (5510),Homogenized Vegetable Preparations (23991.02),Italy (380),2005,5000,I,-
Production (t) (5510),Homogenized Vegetable Preparations (23991.02),Italy (380),2006,4500,I,-
Production (t) (5510),Homogenized Vegetable Preparations (23991.02),Italy (380),2007,7500,I,-
Production (t) (5510),Homogenized Vegetable Preparations (23991.02),Italy (380),2008,11000,I,-
Production (t) (5510),Homogenized Vegetable Preparations (23991.02),Italy (380),2009,7000,I,-
Production (t) (5510),Homogenized Vegetable Preparations (23991.02),Italy (380),2010,9000,I,i
Production (t) (5510),Homogenized Vegetable Preparations (23991.02),Italy (380),2011,9000,I,i
Production (t) (5510),Homogenized Vegetable Preparations (23991.02),Italy (380),2012,12000,I,i
Production (t) (5510),Homogenized Vegetable Preparations (23991.02),Italy (380),2013,11000,I,i
Production (t) (5510),Homogenized Vegetable Preparations (23991.02),Italy (380),2014,11422.41,I,c
Production (t) (5510),Homogenized Vegetable Preparations (23991.02),Italy (380),2015,13427.42,I,c
Production (t) (5510),Homogenized Vegetable Preparations (23991.02),Italy (380),2016,15000,E,f
Production (t) (5510),Homogenized Vegetable Preparations (23991.02),Italy (380),2017,15157.51,I,c
Production (t) (5510),Homogenized Vegetable Preparations (23991.02),Italy (380),2018,16248.59,I,c
Production (t) (5510),Homogenized Vegetable Preparations (23991.02),Italy (380),2019,15000,E,f
Production (t) (5510),Homogenized Vegetable Preparations (23991.02),Italy (380),2020,15000,E,f
Production (t) (5510),Homogenized Vegetable Preparations (23991.02),Italy (380),2021,10000,E,f
Production (t) (5510),Homogenized Vegetable Preparations (23991.02),Italy (380),2022,10000,E,f
Production (t) (5510),Homogenized Vegetable Preparations (23991.02),Italy (380),2023,12000,E,f
Production (t) (5510),"Homogenized Cooked Fruit, Prepared (23991.03)",France (250),1990,0,M,-
Production (t) (5510),"Homogenized Cooked Fruit, Prepared (23991.03)",France (250),1991,0,M,-
Production (t) (5510),"Homogenized Cooked Fruit, Prepared (23991.03)",France (250),1992,0,M,-
Production (t) (5510),"Homogenized Cooked Fruit, Prepared (23991.03)",France (250),1993,0,M,-
Production (t) (5510),"Homogenized Cooked Fruit, Prepared (23991.03)",France (250),1994,0,M,-
Production (t) (5510),"Homogenized Cooked Fruit, Prepared (23991.03)",France (250),1995,0,M,-
Production (t) (5510),"Homogenized Cooked Fruit, Prepared (23991.03)",France (250),1996,1400,I,-
Production (t) (5510),"Homogenized Cooked Fruit, Prepared (23991.03)",France (250),1997,1400,I,-
Production (t) (5510),"Homogenized Cooked Fruit, Prepared (23991.03)",France (250),1998,2800,I,-
Production (t) (5510),"Homogenized Cooked Fruit, Prepared (23991.03)",France (250),1999,2100,I,-
Production (t) (5510),"Homogenized Cooked Fruit, Prepared (23991.03)",France (250),2000,1400,I,-
Production (t) (5510),"Homogenized Cooked Fruit, Prepared (23991.03)",France (250),2001,1400,I,-
Production (t) (5510),"Homogenized Cooked Fruit, Prepared (23991.03)",France (250),2002,2100,I,-
Production (t) (5510),"Homogenized Cooked Fruit, Prepared (23991.03)",France (250),2003,3500,I,-
Production (t) (5510),"Homogenized Cooked Fruit, Prepared (23991.03)",France (250),2004,3500,I,-
Production (t) (5510),"Homogenized Cooked Fruit, Prepared (23991.03)",France (250),2005,2100,I,-
Production (t) (5510),"Homogenized Cooked Fruit, Prepared (23991.03)",France (250),2006,2100,I,-
Production (t) (5510),"Homogenized Cooked Fruit, Prepared (23991.03)",France (250),2007,2100,I,-
Production (t) (5510),"Homogenized Cooked Fruit, Prepared (23991.03)",France (250),2008,2800,I,-
Production (t) (5510),"Homogenized Cooked Fruit, Prepared (23991.03)",France (250),2009,4200,I,-
Production (t) (5510),"Homogenized Cooked Fruit, Prepared (23991.03)",France (250),2010,7173.6,I,c
Production (t) (5510),"Homogenized Cooked Fruit, Prepared (23991.03)",France (250),2011,7140,I,c
Production (t) (5510),"Homogenized Cooked Fruit, Prepared (23991.03)",France (250),2012,4564,I,c
Production (t) (5510),"Homogenized Cooked Fruit, Prepared (23991.03)",France (250),2013,4687.2,I,c
Production (t) (5510),"Homogenized Cooked Fruit, Prepared (23991.03)",France (250),2014,6122.81,I,c
Production (t) (5510),"Homogenized Cooked Fruit, Prepared (23991.03)",France (250),2015,7264.05,I,c
Production (t) (5510),"Homogenized Cooked Fruit, Prepared (23991.03)",France (250),2016,6326.95,I,c
Production (t) (5510),"Homogenized Cooked Fruit, Prepared (23991.03)",France (250),2017,6178.02,I,c
Production (t) (5510),"Homogenized Cooked Fruit, Prepared (23991.03)",France (250),2018,10181.34,I,c
Production (t) (5510),"Homogenized Cooked Fruit, Prepared (23991.03)",France (250),2019,10168.66,I,c
Production (t) (5510),"Homogenized Cooked Fruit, Prepared (23991.03)",France (250),2020,9621.61,I,c
Production (t) (5510),"Homogenized Cooked Fruit, Prepared (23991.03)",France (250),2021,9760.36,I,c
Production (t) (5510),"Homogenized Cooked Fruit, Prepared (23991.03)",France (250),2022,10736.4,I,c
Production (t) (5510),"Homogenized Cooked Fruit, Prepared (23991.03)",France (250),2023,11047.79,I,c
Production (t) (5510),"Homogenized Cooked Fruit, Prepared (23991.03)",Italy (380),1990,140,I,-
Production (t) (5510),"Homogenized Cooked Fruit, Prepared (23991.03)",Italy (380),1991,140,I,-
Production (t) (5510),"Homogenized Cooked Fruit, Prepared (23991.03)",Italy (380),1992,0,I,-
Production (t) (5510),"Homogenized Cooked Fruit, Prepared (23991.03)",Italy (380),1993,1260,I,-
Production (t) (5510),"Homogenized Cooked Fruit, Prepared (23991.03)",Italy (380),1994,1540,I,-
Production (t) (5510),"Homogenized Cooked Fruit, Prepared (23991.03)",Italy (380),1995,1610,I,-
Production (t) (5510),"Homogenized Cooked Fruit, Prepared (23991.03)",Italy (380),1996,2660,I,-
Production (t) (5510),"Homogenized Cooked Fruit, Prepared (23991.03)",Italy (380),1997,3150,I,-
Production (t) (5510),"Homogenized Cooked Fruit, Prepared (23991.03)",Italy (380),1998,3850,I,-
Production (t) (5510),"Homogenized Cooked Fruit, Prepared (23991.03)",Italy (380),1999,3850,I,-
Production (t) (5510),"Homogenized Cooked Fruit, Prepared (23991.03)",Italy (380),2000,5950,I,-
Production (t) (5510),"Homogenized Cooked Fruit, Prepared (23991.03)",Italy (380),2001,6090,I,-
Production (t) (5510),"Homogenized Cooked Fruit, Prepared (23991.03)",Italy (380),2002,4690,I,-
Production (t) (5510),"Homogenized Cooked Fruit, Prepared (23991.03)",Italy (380),2003,2800,I,-
Production (t) (5510),"Homogenized Cooked Fruit, Prepared (23991.03)",Italy (380),2004,2450,I,-
Production (t) (5510),"Homogenized Cooked Fruit, Prepared (23991.03)",Italy (380),2005,1400,I,-
Production (t) (5510),"Homogenized Cooked Fruit, Prepared (23991.03)",Italy (380),2006,2100,I,-
Production (t) (5510),"Homogenized Cooked Fruit, Prepared (23991.03)",Italy (380),2007,3500,I,-
Production (t) (5510),"Homogenized Cooked Fruit, Prepared (23991.03)",Italy (380),2008,3500,I,-
Production (t) (5510),"Homogenized Cooked Fruit, Prepared (23991.03)",Italy (380),2009,2800,I,-
Production (t) (5510),"Homogenized Cooked Fruit, Prepared (23991.03)",Italy (380),2010,2800,I,i
Production (t) (5510),"Homogenized Cooked Fruit, Prepared (23991.03)",Italy (380),2011,2800,I,i
Production (t) (5510),"Homogenized Cooked Fruit, Prepared (23991.03)",Italy (380),2012,4900,I,i
Production (t) (5510),"Homogenized Cooked Fruit, Prepared (23991.03)",Italy (380),2013,5600,I,i
Production (t) (5510),"Homogenized Cooked Fruit, Prepared (23991.03)",Italy (380),2014,5642.37,I,c
Production (t) (5510),"Homogenized Cooked Fruit, Prepared (23991.03)",Italy (380),2015,10000,E,f
Production (t) (5510),"Homogenized Cooked Fruit, Prepared (23991.03)",Italy (380),2016,6153.56,I,c
Production (t) (5510),"Homogenized Cooked Fruit, Prepared (23991.03)",Italy (380),2017,10000,E,f
Production (t) (5510),"Homogenized Cooked Fruit, Prepared (23991.03)",Italy (380),2018,6788.91,I,c
Production (t) (5510),"Homogenized Cooked Fruit, Prepared (23991.03)",Italy (380),2019,6653.56,I,c
Production (t) (5510),"Homogenized Cooked Fruit, Prepared (23991.03)",Italy (380),2020,9591.61,I,c
Production (t) (5510),"Homogenized Cooked Fruit, Prepared (23991.03)",Italy (380),2021,10235.51,I,c
Production (t) (5510),"Homogenized Cooked Fruit, Prepared (23991.03)",Italy (380),2022,12186.37,I,c
Production (t) (5510),"Homogenized Cooked Fruit, Prepared (23991.03)",Italy (380),2023,11944.37,I,c
Production (t) (5510),Homogenized Meat Preparations (23991.04),France (250),1990,0,M,-
Production (t) (5510),Homogenized Meat Preparations (23991.04),France (250),1991,0,M,-
Production (t) (5510),Homogenized Meat Preparations (23991.04),France (250),1992,0,M,-
Production (t) (5510),Homogenized Meat Preparations (23991.04),France (250),1993,0,M,-
Production (t) (5510),Homogenized Meat Preparations (23991.04),France (250),1994,1969.458,I,-
Production (t) (5510),Homogenized Meat Preparations (23991.04),France (250),1995,2062.0525,I,-
Production (t) (5510),Homogenized Meat Preparations (23991.04),France (250),1996,2067.246,I,-
Production (t) (5510),Homogenized Meat Preparations (23991.04),France (250),1997,2080.2817,I,-
Production (t) (5510),Homogenized Meat Preparations (23991.04),France (250),1998,1999.8649,I,-
Production (t) (5510),Homogenized Meat Preparations (23991.04),France (250),1999,1951.8577,I,-
Production (t) (5510),Homogenized Meat Preparations (23991.04),France (250),2000,1852.8937,I,-
Production (t) (5510),Homogenized Meat Preparations (23991.04),France (250),2001,1906.2456,I,-
Production (t) (5510),Homogenized Meat Preparations (23991.04),France (250),2002,1956.8389,I,-
Production (t) (5510),Homogenized Meat Preparations (23991.04),France (250),2003,1921.3909,I,-
Production (t) (5510),Homogenized Meat Preparations (23991.04),France (250),2004,2801.268,I,-
Production (t) (5510),Homogenized Meat Preparations (23991.04),France (250),2005,2724.2947,I,-
Production (t) (5510),Homogenized Meat Preparations (23991.04),France (250),2006,3489.0647,I,-
Production (t) (5510),Homogenized Meat Preparations (23991.04),France (250),2007,2691.297,I,-
Production (t) (5510),Homogenized Meat Preparations (23991.04),France (250),2008,1736.9473,I,-
Production (t) (5510),Homogenized Meat Preparations (23991.04),France (250),2009,1754.844,I,-
Production (t) (5510),Homogenized Meat Preparations (23991.04),France (250),2010,1751.17,I,c
Production (t) (5510),Homogenized Meat Preparations (23991.04),France (250),2011,1739.42,I,c
Production (t) (5510),Homogenized Meat Preparations (23991.04),France (250),2012,1690.31,I,c
Production (t) (5510),Homogenized Meat Preparations (23991.04),France (250),2013,1601.77,I,c
Production (t) (5510),Homogenized Meat Preparations (23991.04),France (250),2014,1614.3,I,c
Production (t) (5510),Homogenized Meat Preparations (23991.04),France (250),2015,1643.65,I,c
Production (t) (5510),Homogenized Meat Preparations (23991.04),France (250),2016,1651.13,I,c
Production (t) (5510),Homogenized Meat Preparations (23991.04),France (250),2017,1609.27,I,c
Production (t) (5510),Homogenized Meat Preparations (23991.04),France (250),2018,1613.42,I,c
Production (t) (5510),Homogenized Meat Preparations (23991.04),France (250),2019,1615.88,I,c
Production (t) (5510),Homogenized Meat Preparations (23991.04),France (250),2020,1621.6,I,c
Production (t) (5510),Homogenized Meat Preparations (23991.04),France (250),2021,1617.44,I,c
Production (t) (5510),Homogenized Meat Preparations (23991.04),France (250),2022,1559.3,I,c
Production (t) (5510),Homogenized Meat Preparations (23991.04),France (250),2023,1495.74,I,c
Production (t) (5510),Homogenized Meat Preparations (23991.04),Italy (380),1990,60,I,-
Production (t) (5510),Homogenized Meat Preparations (23991.04),Italy (380),1991,120,I,-
Production (t) (5510),Homogenized Meat Preparations (23991.04),Italy (380),1992,120,I,-
Production (t) (5510),Homogenized Meat Preparations (23991.04),Italy (380),1993,180,I,-
Production (t) (5510),Homogenized Meat Preparations (23991.04),Italy (380),1994,120,I,-
Production (t) (5510),Homogenized Meat Preparations (23991.04),Italy (380),1995,120,I,-
Production (t) (5510),Homogenized Meat Preparations (23991.04),Italy (380),1996,0,"",-
Production (t) (5510),Homogenized Meat Preparations (23991.04),Italy (380),1997,420,I,-
Production (t) (5510),Homogenized Meat Preparations (23991.04),Italy (380),1998,600,I,-
Production (t) (5510),Homogenized Meat Preparations (23991.04),Italy (380),1999,0,M,-
Production (t) (5510),Homogenized Meat Preparations (23991.04),Italy (380),2000,0,M,-
Production (t) (5510),Homogenized Meat Preparations (23991.04),Italy (380),2001,0,M,-
Production (t) (5510),Homogenized Meat Preparations (23991.04),Italy (380),2002,0,M,-
Production (t) (5510),Homogenized Meat Preparations (23991.04),Italy (380),2003,0,M,-
Production (t) (5510),Homogenized Meat Preparations (23991.04),Italy (380),2004,0,M,-
Production (t) (5510),Homogenized Meat Preparations (23991.04),Italy (380),2005,0,M,-
Production (t) (5510),Homogenized Meat Preparations (23991.04),Italy (380),2006,0,M,-
Production (t) (5510),Homogenized Meat Preparations (23991.04),Italy (380),2007,0,M,-
Production (t) (5510),Homogenized Meat Preparations (23991.04),Italy (380),2008,0,M,-
Production (t) (5510),Homogenized Meat Preparations (23991.04),Italy (380),2009,0,M,-
Production (t) (5510),Homogenized Meat Preparations (23991.04),Italy (380),2010,0,M,u
Production (t) (5510),Homogenized Meat Preparations (23991.04),Italy (380),2011,0,M,u
Production (t) (5510),Homogenized Meat Preparations (23991.04),Italy (380),2012,0,M,u
Production (t) (5510),Homogenized Meat Preparations (23991.04),Italy (380),2013,0,M,u
Production (t) (5510),Homogenized Meat Preparations (23991.04),Italy (380),2014,0,M,-
Production (t) (5510),Soya Paste (23995.02),France (250),2010,0,I,c
Production (t) (5510),Soya Paste (23995.02),France (250),2011,0,I,c
Production (t) (5510),Soya Paste (23995.02),France (250),2012,0,I,c
Production (t) (5510),Soya Paste (23995.02),France (250),2013,0,I,c
Production (t) (5510),Soya Curd (23999.03),France (250),2010,0,I,c
Production (t) (5510),Soya Curd (23999.03),France (250),2011,0,I,c
Production (t) (5510),Soya Curd (23999.03),France (250),2012,0,I,c
Production (t) (5510),Soya Curd (23999.03),France (250),2013,0,I,c
Production (t) (5510),Raw silk (not thrown) (26110),France (250),1990,0,"",-
Production (t) (5510),Raw silk (not thrown) (26110),France (250),1991,0,"",-
Production (t) (5510),Raw silk (not thrown) (26110),France (250),1992,0,"",-
Production (t) (5510),Raw silk (not thrown) (26110),France (250),1993,0,"",-
Production (t) (5510),Raw silk (not thrown) (26110),France (250),1994,0,"",-
Production (t) (5510),Raw silk (not thrown) (26110),France (250),1995,0,"",-
Production (t) (5510),Raw silk (not thrown) (26110),France (250),1996,0,"",-
Production (t) (5510),Raw silk (not thrown) (26110),France (250),1997,0,"",-
Production (t) (5510),Raw silk (not thrown) (26110),France (250),1998,0,"",-
Production (t) (5510),Raw silk (not thrown) (26110),France (250),1999,0,"",-
Production (t) (5510),Raw silk (not thrown) (26110),France (250),2000,0,M,-
Production (t) (5510),Raw silk (not thrown) (26110),France (250),2001,0,M,-
Production (t) (5510),Raw silk (not thrown) (26110),France (250),2002,0,M,-
Production (t) (5510),Raw silk (not thrown) (26110),France (250),2003,0,M,-
Production (t) (5510),Raw silk (not thrown) (26110),France (250),2004,0,M,-
Production (t) (5510),Raw silk (not thrown) (26110),France (250),2005,0,M,-
Production (t) (5510),Raw silk (not thrown) (26110),France (250),2006,0,M,-
Production (t) (5510),Raw silk (not thrown) (26110),France (250),2007,0,M,-
Production (t) (5510),Raw silk (not thrown) (26110),France (250),2008,0,M,-
Production (t) (5510),Raw silk (not thrown) (26110),France (250),2009,0,M,-
Production (t) (5510),Raw silk (not thrown) (26110),France (250),2010,0,M,-
Production (t) (5510),Raw silk (not thrown) (26110),France (250),2011,0,M,-
Production (t) (5510),Raw silk (not thrown) (26110),France (250),2012,0,M,-
Production (t) (5510),Raw silk (not thrown) (26110),France (250),2013,0,M,-
Production (t) (5510),Raw silk (not thrown) (26110),France (250),2014,0,M,-
Production (t) (5510),Raw silk (not thrown) (26110),France (250),2015,0,M,-
Production (t) (5510),Raw silk (not thrown) (26110),France (250),2016,0,M,-
Production (t) (5510),Raw silk (not thrown) (26110),France (250),2017,0,M,-
Production (t) (5510),Raw silk (not thrown) (26110),France (250),2018,0,M,-
Production (t) (5510),Raw silk (not thrown) (26110),France (250),2019,0,M,-
Production (t) (5510),Raw silk (not thrown) (26110),Italy (380),1990,2,T,-
Production (t) (5510),Raw silk (not thrown) (26110),Italy (380),1991,6.4,I,e
Production (t) (5510),Raw silk (not thrown) (26110),Italy (380),1992,2.6,I,e
Production (t) (5510),Raw silk (not thrown) (26110),Italy (380),1993,2.6,I,e
Production (t) (5510),Raw silk (not thrown) (26110),Italy (380),1994,2.2,I,e
Production (t) (5510),Raw silk (not thrown) (26110),Italy (380),1995,3.2,I,e
Production (t) (5510),Raw silk (not thrown) (26110),Italy (380),1996,4.8,I,e
Production (t) (5510),Raw silk (not thrown) (26110),Italy (380),1997,3.8,I,e
Production (t) (5510),Raw silk (not thrown) (26110),Italy (380),1998,6.6,I,e
Production (t) (5510),Raw silk (not thrown) (26110),Italy (380),1999,7.8,I,e
Production (t) (5510),Raw silk (not thrown) (26110),Italy (380),2000,12,I,e
Production (t) (5510),Raw silk (not thrown) (26110),Italy (380),2001,12,E,f
Production (t) (5510),Raw silk (not thrown) (26110),Italy (380),2002,12,E,f
Production (t) (5510),Raw silk (not thrown) (26110),Italy (380),2003,12,E,f
Production (t) (5510),Raw silk (not thrown) (26110),Italy (380),2004,12,E,f
Production (t) (5510),Raw silk (not thrown) (26110),Italy (380),2005,12,E,f
Production (t) (5510),Raw silk (not thrown) (26110),Italy (380),2006,12,E,f
Production (t) (5510),Raw silk (not thrown) (26110),Italy (380),2007,12,E,f
Production (t) (5510),Raw silk (not thrown) (26110),Italy (380),2008,12,E,f
Production (t) (5510),Raw silk (not thrown) (26110),Italy (380),2009,12,E,f
Production (t) (5510),Raw silk (not thrown) (26110),Italy (380),2010,12,E,f
Production (t) (5510),Raw silk (not thrown) (26110),Italy (380),2011,12,E,f
Production (t) (5510),Raw silk (not thrown) (26110),Italy (380),2012,12,E,f
Production (t) (5510),Raw silk (not thrown) (26110),Italy (380),2013,12,E,f
Production (t) (5510),Raw silk (not thrown) (26110),Italy (380),2014,12,E,f
Production (t) (5510),Raw silk (not thrown) (26110),Italy (380),2015,12,E,f
Production (t) (5510),Raw silk (not thrown) (26110),Italy (380),2016,12,E,f
Production (t) (5510),Raw silk (not thrown) (26110),Italy (380),2017,12,E,f
Production (t) (5510),"Wool, degreased or carbonized, not carded or combed (26130)",France (250),1990,12000,T,-
Production (t) (5510),"Wool, degreased or carbonized, not carded or combed (26130)",France (250),1991,12000,T,-
Production (t) (5510),"Wool, degreased or carbonized, not carded or combed (26130)",France (250),1992,12000,T,-
Production (t) (5510),"Wool, degreased or carbonized, not carded or combed (26130)",France (250),1993,12000,T,-
Production (t) (5510),"Wool, degreased or carbonized, not carded or combed (26130)",France (250),1994,12000,T,-
Production (t) (5510),"Wool, degreased or carbonized, not carded or combed (26130)",France (250),1995,12000,T,-
Production (t) (5510),"Wool, degreased or carbonized, not carded or combed (26130)",France (250),1996,12000,T,-
Production (t) (5510),"Wool, degreased or carbonized, not carded or combed (26130)",France (250),1997,12000,T,-
Production (t) (5510),"Wool, degreased or carbonized, not carded or combed (26130)",France (250),1998,12000,T,-
Production (t) (5510),"Wool, degreased or carbonized, not carded or combed (26130)",France (250),1999,12000,E,f
Production (t) (5510),"Wool, degreased or carbonized, not carded or combed (26130)",France (250),2000,12000,E,f
Production (t) (5510),"Wool, degreased or carbonized, not carded or combed (26130)",France (250),2001,12000,E,f
Production (t) (5510),"Wool, degreased or carbonized, not carded or combed (26130)",France (250),2002,12000,E,f
Production (t) (5510),"Wool, degreased or carbonized, not carded or combed (26130)",France (250),2003,12000,E,f
Production (t) (5510),"Wool, degreased or carbonized, not carded or combed (26130)",France (250),2004,12000,E,f
Production (t) (5510),"Wool, degreased or carbonized, not carded or combed (26130)",France (250),2005,12000,E,f
Production (t) (5510),"Wool, degreased or carbonized, not carded or combed (26130)",France (250),2006,12000,E,f
Production (t) (5510),"Wool, degreased or carbonized, not carded or combed (26130)",France (250),2007,12000,E,f
Production (t) (5510),"Wool, degreased or carbonized, not carded or combed (26130)",France (250),2008,12000,E,f
Production (t) (5510),"Wool, degreased or carbonized, not carded or combed (26130)",France (250),2009,12000,E,f
Production (t) (5510),"Wool, degreased or carbonized, not carded or combed (26130)",France (250),2010,12000,E,f
Production (t) (5510),"Wool, degreased or carbonized, not carded or combed (26130)",France (250),2011,12000,E,f
Production (t) (5510),"Wool, degreased or carbonized, not carded or combed (26130)",France (250),2012,12000,E,f
Production (t) (5510),"Wool, degreased or carbonized, not carded or combed (26130)",France (250),2013,12000,E,f
Production (t) (5510),"Wool, degreased or carbonized, not carded or combed (26130)",Italy (380),1990,6768,"",-
Production (t) (5510),"Wool, degreased or carbonized, not carded or combed (26130)",Italy (380),1991,6960,"",-
Production (t) (5510),"Wool, degreased or carbonized, not carded or combed (26130)",Italy (380),1992,6576,"",-
Production (t) (5510),"Wool, degreased or carbonized, not carded or combed (26130)",Italy (380),1993,6105,"",-
Production (t) (5510),"Wool, degreased or carbonized, not carded or combed (26130)",Italy (380),1994,6196,"",-
Production (t) (5510),"Wool, degreased or carbonized, not carded or combed (26130)",Italy (380),1995,5760,"",-
Production (t) (5510),"Wool, degreased or carbonized, not carded or combed (26130)",Italy (380),1996,5596,"",-
Production (t) (5510),"Wool, degreased or carbonized, not carded or combed (26130)",Italy (380),1997,5446,"",-
Production (t) (5510),"Wool, degreased or carbonized, not carded or combed (26130)",Italy (380),1998,5236,"",-
Production (t) (5510),"Wool, degreased or carbonized, not carded or combed (26130)",Italy (380),1999,5472,"",-
Production (t) (5510),"Wool, degreased or carbonized, not carded or combed (26130)",Italy (380),2000,5500,"",-
Production (t) (5510),"Wool, degreased or carbonized, not carded or combed (26130)",Italy (380),2001,5500,"",-
Production (t) (5510),"Wool, degreased or carbonized, not carded or combed (26130)",Italy (380),2002,5500,"",-
Production (t) (5510),"Wool, degreased or carbonized, not carded or combed (26130)",Italy (380),2003,5500,"",-
Production (t) (5510),"Wool, degreased or carbonized, not carded or combed (26130)",Italy (380),2004,5250,"",-
Production (t) (5510),"Wool, degreased or carbonized, not carded or combed (26130)",Italy (380),2005,5430,"",-
Production (t) (5510),"Wool, degreased or carbonized, not carded or combed (26130)",Italy (380),2006,5430,"",-
Production (t) (5510),"Wool, degreased or carbonized, not carded or combed (26130)",Italy (380),2007,5530,"",-
Production (t) (5510),"Wool, degreased or carbonized, not carded or combed (26130)",Italy (380),2008,5520,"",-
Production (t) (5510),"Wool, degreased or carbonized, not carded or combed (26130)",Italy (380),2009,5440,"",-
Production (t) (5510),"Wool, degreased or carbonized, not carded or combed (26130)",Italy (380),2010,5363,"",-
Production (t) (5510),"Wool, degreased or carbonized, not carded or combed (26130)",Italy (380),2011,5135,"",-
Production (t) (5510),"Wool, degreased or carbonized, not carded or combed (26130)",Italy (380),2012,5059,"",-
Production (t) (5510),"Wool, degreased or carbonized, not carded or combed (26130)",Italy (380),2013,5070,E,f
Production (t) (5510),Industrial monocarboxylic fatty acids; acid oils from refining (34120),France (250),2010,0,I,c
Production (t) (5510),Industrial monocarboxylic fatty acids; acid oils from refining (34120),France (250),2011,0,I,c
Production (t) (5510),Industrial monocarboxylic fatty acids; acid oils from refining (34120),France (250),2012,0,I,c
Production (t) (5510),Industrial monocarboxylic fatty acids; acid oils from refining (34120),France (250),2013,0,I,c
Production (t) (5510),Industrial monocarboxylic fatty acids; acid oils from refining (34120),Italy (380),1990,55000,I,-
Production (t) (5510),Industrial monocarboxylic fatty acids; acid oils from refining (34120),Italy (380),1991,58000,I,-
Production (t) (5510),Industrial monocarboxylic fatty acids; acid oils from refining (34120),Italy (380),1992,30000,I,-
Production (t) (5510),Industrial monocarboxylic fatty acids; acid oils from refining (34120),Italy (380),1993,49000,I,-
Production (t) (5510),Industrial monocarboxylic fatty acids; acid oils from refining (34120),Italy (380),1994,43000,I,-
Production (t) (5510),Industrial monocarboxylic fatty acids; acid oils from refining (34120),Italy (380),1995,49000,I,-
Production (t) (5510),Industrial monocarboxylic fatty acids; acid oils from refining (34120),Italy (380),1996,49000,I,-
Production (t) (5510),Industrial monocarboxylic fatty acids; acid oils from refining (34120),Italy (380),1997,47000,I,-
Production (t) (5510),Industrial monocarboxylic fatty acids; acid oils from refining (34120),Italy (380),1998,40000,I,-
Production (t) (5510),Industrial monocarboxylic fatty acids; acid oils from refining (34120),Italy (380),1999,42000,I,-
Production (t) (5510),Industrial monocarboxylic fatty acids; acid oils from refining (34120),Italy (380),2000,45000,I,-
Production (t) (5510),Industrial monocarboxylic fatty acids; acid oils from refining (34120),Italy (380),2001,55000,I,-
Production (t) (5510),Industrial monocarboxylic fatty acids; acid oils from refining (34120),Italy (380),2002,44000,I,-
Production (t) (5510),Industrial monocarboxylic fatty acids; acid oils from refining (34120),Italy (380),2003,39000,I,-
Production (t) (5510),Industrial monocarboxylic fatty acids; acid oils from refining (34120),Italy (380),2004,36500,I,-
Production (t) (5510),Industrial monocarboxylic fatty acids; acid oils from refining (34120),Italy (380),2005,47200,I,-
Production (t) (5510),Industrial monocarboxylic fatty acids; acid oils from refining (34120),Italy (380),2006,46000,I,-
Production (t) (5510),Industrial monocarboxylic fatty acids; acid oils from refining (34120),Italy (380),2007,30000,I,-
Production (t) (5510),Industrial monocarboxylic fatty acids; acid oils from refining (34120),Italy (380),2008,32500,I,-
Production (t) (5510),Industrial monocarboxylic fatty acids; acid oils from refining (34120),Italy (380),2009,35000,I,-
Production (t) (5510),Industrial monocarboxylic fatty acids; acid oils from refining (34120),Italy (380),2010,31500,I,i
Production (t) (5510),Industrial monocarboxylic fatty acids; acid oils from refining (34120),Italy (380),2011,31500,I,i
Production (t) (5510),Industrial monocarboxylic fatty acids; acid oils from refining (34120),Italy (380),2012,27000,I,i
Production (t) (5510),Industrial monocarboxylic fatty acids; acid oils from refining (34120),Italy (380),2013,27000,I,i
Production (t) (5510),Industrial monocarboxylic fatty acids; acid oils from refining (34120),Italy (380),2014,29870.49,I,c
Production (t) (5510),Industrial monocarboxylic fatty acids; acid oils from refining (34120),Italy (380),2015,27999.77,I,c
Production (t) (5510),Industrial monocarboxylic fatty acids; acid oils from refining (34120),Italy (380),2016,23768.42,I,c
Production (t) (5510),Industrial monocarboxylic fatty acids; acid oils from refining (34120),Italy (380),2017,22893.76,I,c
Production (t) (5510),Industrial monocarboxylic fatty acids; acid oils from refining (34120),Italy (380),2018,38642.91,I,c
Production (t) (5510),Industrial monocarboxylic fatty acids; acid oils from refining (34120),Italy (380),2019,48178.7,I,c
Production (t) (5510),Industrial monocarboxylic fatty acids; acid oils from refining (34120),Italy (380),2020,65882.93,I,c
Production (t) (5510),Industrial monocarboxylic fatty acids; acid oils from refining (34120),Italy (380),2021,63781.77,I,c
Production (t) (5510),vegetables preserved (frozen) (F0475),France (250),1990,18845.12,I,-
Production (t) (5510),vegetables preserved (frozen) (F0475),France (250),1991,18743.64,I,-
Production (t) (5510),vegetables preserved (frozen) (F0475),France (250),1992,16131.446,I,-
Production (t) (5510),vegetables preserved (frozen) (F0475),France (250),1993,18049.77,I,-
Production (t) (5510),vegetables preserved (frozen) (F0475),France (250),1994,12337.783,I,-
Production (t) (5510),vegetables preserved (frozen) (F0475),France (250),1995,14088.725,I,-
Production (t) (5510),vegetables preserved (frozen) (F0475),France (250),1996,14540.971,I,-
Production (t) (5510),vegetables preserved (frozen) (F0475),France (250),1997,13652.355,I,-
Production (t) (5510),vegetables preserved (frozen) (F0475),France (250),1998,11571.228,I,-
Production (t) (5510),vegetables preserved (frozen) (F0475),France (250),1999,8626.772,I,-
Production (t) (5510),vegetables preserved (frozen) (F0475),France (250),2000,8581.412,I,-
Production (t) (5510),vegetables preserved (frozen) (F0475),France (250),2001,7007.427,I,-
Production (t) (5510),vegetables preserved (frozen) (F0475),France (250),2002,5285.457,I,-
Production (t) (5510),vegetables preserved (frozen) (F0475),France (250),2003,5231.688,I,-
Production (t) (5510),vegetables preserved (frozen) (F0475),France (250),2004,5351.6846,I,-
Production (t) (5510),vegetables preserved (frozen) (F0475),France (250),2005,5069.6494,I,-
Production (t) (5510),vegetables preserved (frozen) (F0475),France (250),2006,5087.0283,I,-
Production (t) (5510),vegetables preserved (frozen) (F0475),France (250),2007,5252.917,I,-
Production (t) (5510),vegetables preserved (frozen) (F0475),France (250),2008,7403.7954,I,-
Production (t) (5510),vegetables preserved (frozen) (F0475),France (250),2009,10217.089,I,-
Production (t) (5510),vegetables preserved (frozen) (F0475),France (250),2010,7922.67,I,c
Production (t) (5510),vegetables preserved (frozen) (F0475),France (250),2011,2176.3,I,c
Production (t) (5510),vegetables preserved (frozen) (F0475),France (250),2012,2247.11,I,c
Production (t) (5510),vegetables preserved (frozen) (F0475),France (250),2013,2188.35,I,c
Production (t) (5510),vegetables preserved (frozen) (F0475),France (250),2014,2288.21,I,c
Production (t) (5510),vegetables preserved (frozen) (F0475),France (250),2015,2285.34,I,c
Production (t) (5510),vegetables preserved (frozen) (F0475),France (250),2016,2795.78,I,c
Production (t) (5510),vegetables preserved (frozen) (F0475),France (250),2017,2785.66,I,c
Production (t) (5510),vegetables preserved (frozen) (F0475),France (250),2018,2604.95,I,c
Production (t) (5510),vegetables preserved (frozen) (F0475),France (250),2019,424.58,I,c
Production (t) (5510),vegetables preserved (frozen) (F0475),France (250),2020,384.66,I,c
Production (t) (5510),vegetables preserved (frozen) (F0475),France (250),2021,1537.8,I,c
Production (t) (5510),vegetables preserved (frozen) (F0475),France (250),2022,362.01,I,c
Production (t) (5510),vegetables preserved (frozen) (F0475),France (250),2023,1399.71,I,c
Production (t) (5510),vegetables preserved (frozen) (F0475),Italy (380),1990,0,I,-
Production (t) (5510),vegetables preserved (frozen) (F0475),Italy (380),1991,0,I,-
Production (t) (5510),vegetables preserved (frozen) (F0475),Italy (380),1992,0,I,-
Production (t) (5510),vegetables preserved (frozen) (F0475),Italy (380),1993,1800,I,-
Production (t) (5510),vegetables preserved (frozen) (F0475),Italy (380),1994,2700,I,-
Production (t) (5510),vegetables preserved (frozen) (F0475),Italy (380),1995,2700,I,-
Production (t) (5510),vegetables preserved (frozen) (F0475),Italy (380),1996,450,I,-
Production (t) (5510),vegetables preserved (frozen) (F0475),Italy (380),1997,3600,I,-
Production (t) (5510),vegetables preserved (frozen) (F0475),Italy (380),1998,4050,I,-
Production (t) (5510),vegetables preserved (frozen) (F0475),Italy (380),1999,4050,I,-
Production (t) (5510),vegetables preserved (frozen) (F0475),Italy (380),2000,4050,I,-
Production (t) (5510),vegetables preserved (frozen) (F0475),Italy (380),2001,3600,I,-
Production (t) (5510),vegetables preserved (frozen) (F0475),Italy (380),2002,4500,I,-
Production (t) (5510),vegetables preserved (frozen) (F0475),Italy (380),2003,5400,I,-
Production (t) (5510),vegetables preserved (frozen) (F0475),Italy (380),2004,8550,I,-
Production (t) (5510),vegetables preserved (frozen) (F0475),Italy (380),2005,9900,I,-
Production (t) (5510),vegetables preserved (frozen) (F0475),Italy (380),2006,9000,I,-
Production (t) (5510),vegetables preserved (frozen) (F0475),Italy (380),2007,11700,I,-
Production (t) (5510),vegetables preserved (frozen) (F0475),Italy (380),2008,10800,I,-
Production (t) (5510),vegetables preserved (frozen) (F0475),Italy (380),2009,9900,I,-
Production (t) (5510),vegetables preserved (frozen) (F0475),Italy (380),2010,9900,I,i
Production (t) (5510),vegetables preserved (frozen) (F0475),Italy (380),2011,9900,I,i
Production (t) (5510),vegetables preserved (frozen) (F0475),Italy (380),2012,5400,I,i
Production (t) (5510),vegetables preserved (frozen) (F0475),Italy (380),2013,5400,I,i
Production (t) (5510),vegetables preserved (frozen) (F0475),Italy (380),2014,7370.69,I,c
Production (t) (5510),vegetables preserved (frozen) (F0475),Italy (380),2015,7161.29,I,c
Production (t) (5510),vegetables preserved (frozen) (F0475),Italy (380),2016,10000,E,f
Production (t) (5510),vegetables preserved (frozen) (F0475),Italy (380),2017,15000,E,f
Production (t) (5510),vegetables preserved (frozen) (F0475),Italy (380),2018,15000,E,f
Production (t) (5510),vegetables preserved (frozen) (F0475),Italy (380),2019,15000,E,f
Production (t) (5510),vegetables preserved (frozen) (F0475),Italy (380),2020,22000,E,f
Production (t) (5510),vegetables preserved (frozen) (F0475),Italy (380),2021,22000,E,f
Production (t) (5510),vegetables preserved (frozen) (F0475),Italy (380),2022,15000,E,f
Production (t) (5510),vegetables preserved (frozen) (F0475),Italy (380),2023,5000,E,f
Production (t) (5510),oil from fish and marine mammals (F1223),France (250),1990,4500,E,f
Production (t) (5510),oil from fish and marine mammals (F1223),France (250),1991,4000,E,f
Production (t) (5510),oil from fish and marine mammals (F1223),France (250),1992,4300,E,f
Production (t) (5510),oil from fish and marine mammals (F1223),France (250),1993,4400,E,f
Production (t) (5510),oil from fish and marine mammals (F1223),France (250),1994,4300,E,f
Production (t) (5510),oil from fish and marine mammals (F1223),France (250),1995,4100,E,f
Production (t) (5510),oil from fish and marine mammals (F1223),France (250),1996,4300,T,-
Production (t) (5510),oil from fish and marine mammals (F1223),France (250),1997,4100,T,-
Production (t) (5510),oil from fish and marine mammals (F1223),France (250),1998,4100,E,t
Production (t) (5510),oil from fish and marine mammals (F1223),France (250),1999,4100,E,t
Production (t) (5510),oil from fish and marine mammals (F1223),France (250),2000,4100,E,t
Production (t) (5510),oil from fish and marine mammals (F1223),France (250),2001,4100,E,t
Production (t) (5510),oil from fish and marine mammals (F1223),France (250),2002,4100,E,t
Production (t) (5510),oil from fish and marine mammals (F1223),France (250),2003,4100,E,t
Production (t) (5510),oil from fish and marine mammals (F1223),France (250),2004,4100,E,t
Production (t) (5510),oil from fish and marine mammals (F1223),France (250),2005,4100,E,t
Production (t) (5510),oil from fish and marine mammals (F1223),France (250),2006,4100,E,t
Production (t) (5510),oil from fish and marine mammals (F1223),France (250),2007,4100,E,t
Production (t) (5510),oil from fish and marine mammals (F1223),France (250),2008,4100,E,t
Production (t) (5510),oil from fish and marine mammals (F1223),France (250),2009,4100,E,t
Production (t) (5510),oil from fish and marine mammals (F1223),Italy (380),1990,0,"",-
Production (t) (5510),oil from fish and marine mammals (F1223),Italy (380),1991,0,"",-
Production (t) (5510),oil from fish and marine mammals (F1223),Italy (380),1992,0,"",-
Production (t) (5510),oil from fish and marine mammals (F1223),Italy (380),1993,0,M,-
Production (t) (5510),oil from fish and marine mammals (F1223),Italy (380),1994,0,M,-
Production (t) (5510),oil from fish and marine mammals (F1223),Italy (380),1995,0,M,-
Production (t) (5510),oil from fish and marine mammals (F1223),Italy (380),1996,0,M,-
Production (t) (5510),oil from fish and marine mammals (F1223),Italy (380),1997,0,M,-
Production (t) (5510),oil from fish and marine mammals (F1223),Italy (380),1998,0,M,-
Production (t) (5510),oil from fish and marine mammals (F1223),Italy (380),1999,0,M,-
Production (t) (5510),oil from fish and marine mammals (F1223),Italy (380),2000,0,M,-
Production (t) (5510),oil from fish and marine mammals (F1223),Italy (380),2001,0,M,-
Production (t) (5510),oil from fish and marine mammals (F1223),Italy (380),2002,0,M,-
Production (t) (5510),oil from fish and marine mammals (F1223),Italy (380),2003,0,M,-
Production (t) (5510),oil from fish and marine mammals (F1223),Italy (380),2004,0,M,-
Production (t) (5510),oil from fish and marine mammals (F1223),Italy (380),2005,0,M,-
Production (t) (5510),oil from fish and marine mammals (F1223),Italy (380),2006,0,M,-
Production (t) (5510),oil from fish and marine mammals (F1223),Italy (380),2007,0,M,-
Production (t) (5510),oil from fish and marine mammals (F1223),Italy (380),2008,0,M,-
Production (t) (5510),oil from fish and marine mammals (F1223),Italy (380),2009,0,M,-
Production (t) (5510),oil from fish and marine mammals (F1223),Italy (380),2010,0,M,-
Production (t) (5510),oil from fish and marine mammals (F1223),Italy (380),2011,0,M,-
Production (t) (5510),oil from fish and marine mammals (F1223),Italy (380),2012,0,M,-
Production (t) (5510),oil from fish and marine mammals (F1223),Italy (380),2013,0,M,-
Production (t) (5510),oil from fish and marine mammals (F1223),Italy (380),2014,0,M,-
